,companies,prices,ratings,locations,published_by,floors,bedrooms,construction_status,Area_sq_ft
0,"
Empire Meadows
",63.7 Lac - 80.3 Lac,"

","
in Miyapur, NH 9
, Hyderabad
","
by Empire Meadows Pvt. Ltd.
",8 Floor Plan,"
2 BHK
Flat



","
Under Construction
","
1245 - 1250 sqft
"
1,"
SMR Vinay Iconia
",1.10 Cr - 1.89 Cr,,"
in Kondapur
, Hyderabad
","
by SMR Holdings
",19 Floor Plan,"
2 BHK
Flat



","
Possession in 2022
","
1360 - 1535 sqft
"
2,"
Triumph Villas
",3.26 Cr - 3.66 Cr,,"
in Kismatpur, Outer Ring Road
, Hyderabad
","
by Vaishnavi Estates Pvt. Ltd.
",2 Floor Plan,"
3 BHK
Villa



","
Under Construction
","
3264 - 3661 sqft
"
3,"
Shree Rath Apartments
",52.5 Lac - 1.08 Cr,,"
in Nizampet
, Hyderabad
","
by Unnati Build Tech
",13 Floor Plan,"
2 BHK
Flat



","
Possession in 2025
","
955 - 1025 sqft
"
4,"
Aakriti Miro
",88.3 Lac - 1.24 Cr,,"
in Nallagandla, Serilingampally
, Hyderabad
","
by Aakriti Housing
",19 Floor Plan,"
2 BHK
Flat



","
Under Construction
","
1318 - 1400 sqft
"
5,"
Sri Hemadurga Sivahills
",88.4 Lac - 1.42 Cr,,"
in Puppalaguda
, Hyderabad
","
by BRC Infra Pvt. Ltd.
",15 Floor Plan,"
2 BHK
Flat



","
Under Construction
","
1230 sqft
"
6,"
Vishnu Vistara
",1.47 Cr - 1.60 Cr,,"
in Hitech City
, Hyderabad
","
by Vishnu Group
",5 Floor Plan,"
3 BHK
Flat



","
Ready To Move
","
1730 - 1890 sqft
"
7,"
Ridge Towers
",72 Lac - 96.1 Lac,,"
in Balanagar
, Hyderabad
","
by Aigl Properties
",13 Floor Plan,"
2 BHK
Flat



","
Ready To Move
","
1076 sqft
"
8,"
PBEL City
",90 Lac Onwards,"

","
in Appa junction
, Hyderabad
","
by Indis
",43 Floor Plan,"
2 BHK
Flat



","
Possession in 2023
","
1171 sqft
(Carpet Area)
"
9,"
Lanco Hills
",1.50 Cr - 1.55 Cr,"

","
in Manikonda, Outer Ring Road
, Hyderabad
","
by Lanco Hills Technology Park Pvt. Ltd.
",21 Floor Plan,"
3 BHK
Flat



","
Ready To Move
","
1580 - 2080 sqft
(Carpet Area)
"
10,"
Jains Carlton Creek
",96 Lac - 1.01 Cr,"

","
in Gachibowli
, Hyderabad
","
by Jain Housing & Constructions Ltd.
",15 Floor Plan,"
3 BHK
Flat



","
Ready To Move
","
1380 sqft
"
11,"
Sahiti Karthikeya Panorama
",1.10 Cr - 1.35 Cr,,"
in Kakatiya Hills, Nizampet
, Hyderabad
","
by Sahiti Constructions
",8 Floor Plan,"
3 BHK
Flat



","
Possession in 2022
","
1200 - 1320 sqft
(Carpet Area)
"
12,"
Provident Kenworth
",74 Lac Onwards,,"
in Rajendra Nagar, Outer Ring Road
, Hyderabad
","
by Provident Housing Ltd.
",19 Floor Plan,"
3 BHK
Flat



","
Ready To Move
","
1100 sqft
(Carpet Area)
"
13,"
Green Grace
",2.40 Cr - 2.48 Cr,,"
in Gachibowli
, Hyderabad
","
by S and S Green Projects Pvt. Ltd.
",11 Floor Plan,"
3 BHK
Flat



","
Ready To Move
","
3050 sqft
(Carpet Area)
"
14,"
Jains Four Seasons
",7.25 Cr Onwards,,"
in Kokapet, Outer Ring Road
, Hyderabad
","
by JAIN PROMOTERS & BUILDERS PVT. LTD.
",9 Floor Plan,"
4 BHK
Villa



","
Ready To Move
","
4875 sqft
(Carpet Area)
"
15,"
Aditya Empress Towers
",1.20 Cr - 1.51 Cr,,"
in Shaikpet
, Hyderabad
","
by Aditya Housing And Infrastructure Development
",9 Floor Plan,"
3 BHK
Flat



","
Ready To Move
","
1600 - 1900 sqft
(Carpet Area)
"
16,"
IRA M3
",49.7 Lac Onwards,,"
in Kollur, Outer Ring Road
, Hyderabad
","
by IRA Realty
",1 Floor Plan,"
2 BHK
Flat



","
Possession in 2024
","
1105 sqft
"
17,"
Concrete Vivanta
",68.7 Lac - 1.19 Cr,,"
in Madinaguda, Hafeezpet, NH 9
, Hyderabad
","
by Concrete Infra
",2 Floor Plan,"
2 BHK
Flat



","
Ready To Move
","
1165 - 1320 sqft
"
18,"
Reliance Sunshine
",30 Lac - 31 Lac,,"
in Isnapur, Outer Ring Road
, Hyderabad
","
by Srinivasa Builders
",6 Floor Plan,"
2 BHK
Flat



","
Possession in 2023
","
940 sqft
"
19,"
Bollineni Bion
",1.83 Cr - 3.36 Cr,,"
in Kondapur
, Hyderabad
","
by BSCPL Infrastructure Ltd
",5 Floor Plan,"
3 BHK
Flat



","
Possession in 2025
","
1840 - 2290 sqft
"
20,"
EVK Avasa
",31.2 Lac - 72.5 Lac,,"
in Kollur, Outer Ring Road
, Hyderabad
","
by EVK Projects Pvt Ltd. 
",16 Floor Plan,"
2 BHK
Flat



","
Possession in 2024
","
1040 - 1170 sqft
"
21,"
GMR Springfields
",40 Lac - 54.9 Lac,,"
in Kompally
, Hyderabad
","
by Alpine Infratech
",,"
2 BHK
Flat



","
Under Construction
","
1120 sqft
"
22,"
AMEYA
",48.4 Lac - 1 Cr,,"
in Miyapur, NH 9
, Hyderabad
","
by Aspire Spaces Private Limited
",6 Floor Plan,"
2 BHK
Flat



","
Possession in 2024
","
1210 - 1330 sqft
"
23,"
SR Fortune City
",63.3 Lac - 96.3 Lac,,"
in Miyapur, NH 9
, Hyderabad
","
by Sri Sai Constructions And Abhiram Constructions
",3 Floor Plan,"
2 BHK
Flat



","
Possession in 2022
","
1150 - 1250 sqft
"
24,"
Mayfair Apartments
",82 Lac - 1.44 Cr,,"
in Tellapur, Outer Ring Road
, Hyderabad
","
by Greenmark Developers
",14 Floor Plan,"
3 BHK
Flat



","
Possession in 2022
","
1751 - 2083 sqft
"
25,"
ASBL Spectra
",1.28 Cr - 1.80 Cr,,"
in Financial District, Nanakram Guda
, Hyderabad
","
by Ashoka Builders India Private Limited
",4 Floor Plan,"
3 BHK
Flat



","
Possession in 2025
","
1980 - 2220 sqft
"
26,"
Urbanrise On Cloud 33
",48.8 Lac - 1.26 Cr,,"
in Bachupally
, Hyderabad
","
by Urbanrise
",4 Floor Plan,"
2 BHK
Flat



","
Possession in 2026
","
1110 sqft
"
27,"
Hallmark Treasor
",1.23 Cr - 3.55 Cr,,"
in Narsingi, Outer Ring Road
, Hyderabad
","
by Hallmark Builders
",4 Floor Plan,"
3 BHK
Flat



","
Possession in 2024
","
1765 - 2540 sqft
"
28,"
Solitaire Unity
",91.9 Lac - 1.67 Cr,,"
in Kondapur
, Hyderabad
","
by Technopolis Construction Company Pvt. Ltd.
",26 Floor Plan,"
2 BHK
Flat



","
Possession in 2024
","
1225 - 1615 sqft
"
29,"
Titania
",1.19 Cr - 1.70 Cr,,"
in Kondapur
, Hyderabad
","
by GHR Infra
",9 Floor Plan,"
3 BHK
Flat



","
Possession in 2023
","
1766 - 2451 sqft
"
30,"
Codename Central Park
",61.9 Lac - 86.3 Lac,,"
in Ameenpur
, Hyderabad
","
by Urbanrise
",8 Floor Plan,"
2 BHK
Flat



","
Possession in 2025
","
1254 - 1417 sqft
"
31,"
Rami Reddy Towers
",74.5 Lac - 1.62 Cr,,"
in Alkapur Township, Manikonda, Outer Ring Road
, Hyderabad
","
by Anuhar Homes Pvt. Ltd.
",8 Floor Plan,"
2 BHK
Flat



","
Possession in 2022
","
1284 - 1440 sqft
"
32,"
Vasavi Atlantis
",83.7 Lac - 2.25 Cr,,"
in Narsingi, Outer Ring Road
, Hyderabad
","
by Vasavi Constructions LLP
",17 Floor Plan,"
2 BHK
Flat



","
Possession in 2025
","
1250 - 1610 sqft
"
33,"
Jewel Heights
",87.5 Lac - 1.29 Cr,,"
in Kukatpally, NH 9
, Hyderabad
","
by Sri Sai Tirumala Constructions Pvt. Ltd.
",8 Floor Plan,"
2 BHK
Flat



","
Under Construction
","
1250 - 1325 sqft
"
34,"
Sumadhura Horizon
",97 Lac - 2.14 Cr,,"
in Kondapur
, Hyderabad
","
by Sumadhura Infracon Pvt. Ltd.
",10 Floor Plan,"
3 BHK
Flat



","
Possession in 2023
","
2060 - 2710 sqft
"
35,"
Sri Ram Garden By Jains
",1.33 Cr - 3.59 Cr,,"
in Suchitra Circle
, Hyderabad
","
by Jain Constructions
",9 Floor Plan,"
3 BHK
Flat



","
Possession in 2025
","
1910 - 2350 sqft
"
36,"
Ornate
",35.1 Lac - 66.4 Lac,,"
in Kollur, Outer Ring Road
, Hyderabad
","
by Sri Aditya Squares
",2 Floor Plan,"
2 BHK
Flat



","
Possession in 2024
","
1171 - 2000 sqft
"
37,"
Marams Garlapati Homes
",40.6 Lac - 75 Lac,,"
in Adibatla
, Hyderabad
","
by Maram Infra Projects Pvt. Ltd.
",2 Floor Plan,"
2 BHK
Flat



","
Possession in 2022
","
1068 - 1338 sqft
"
38,"
Shantiniketan
",50 Lac - 69.5 Lac,,"
in Manneguda
, Hyderabad
","
by Vijetha Group
",7 Floor Plan,"
2 BHK
Flat



","
Possession in 2023
","
1190 - 1315 sqft
"
39,"
Sapphire
",51.7 Lac - 85.3 Lac,,"
in Tellapur, Outer Ring Road
, Hyderabad
","
by Fortune Green Homes
",17 Floor Plan,"
2 BHK
Flat



","
Possession in 2024
","
1033 - 1305 sqft
"
40,"
Muppas Melody
",61.6 Lac - 1.06 Cr,,"
in Tellapur, Outer Ring Road
, Hyderabad
","
by Muppa Projects India Pvt. Ltd.
",4 Floor Plan,"
2 BHK
Flat



","
Possession in 2023
","
1010 sqft
"
41,"
Ecopolitan
",70 Lac - 1.55 Cr,,"
in Nagole
, Hyderabad
","
by Maruthi Rudra Vijetha Projects
",2 Floor Plan,"
2 BHK
Flat



","
Possession in 2023
","
1250 - 1400 sqft
"
42,"
Jewel Crest
",1.35 Cr - 1.70 Cr,,"
in Shaikpet
, Hyderabad
","
by SST Builders LLP
",3 Floor Plan,"
3 BHK
Flat



","
Possession in 2022
","
1700 - 2100 sqft
"
43,"
Solitaire Heights
",1.58 Cr - 1.84 Cr,,"
in Ameerpet, NH 9
, Hyderabad
","
by Sravanthi Constructions Pvt. Ltd.
",11 Floor Plan,"
3 BHK
Flat



","
Possession in 2022
","
1761 - 2047 sqft
"
44,"
Aura
",30 Lac - 64.7 Lac,,"
in Velimela
, Hyderabad
","
by BhuvanTeza Infrastructures LLP
",10 Floor Plan,"
2 BHK
Flat



","
Possession in 2023
","
1145 - 1265 sqft
"
45,"
ASR Homes
",38 Lac Onwards,,"
in Krishna Reddy Pet
, Hyderabad
","
by ASR Infra
",,"
2 BHK
Flat



","
Possession in 2023
","
1150 sqft
"
46,"
Myra
",60.9 Lac - 1.04 Cr,,"
in Kompally
, Hyderabad
","
by Sophists Technologies Private Limited
",11 Floor Plan,"
2 BHK
Flat



","
Possession in 2023
","
1290 - 1295 sqft
"
47,"
Merlion Galaxia
",61.2 Lac - 92.6 Lac,,"
in Pragathi Nagar, Kukatpally
, Hyderabad
","
by Merlion Builders
",4 Floor Plan,"
2 BHK
Flat



","
Possession in 2024
","
1275 sqft
"
48,"
Cannys Forest Edge
",61.7 Lac - 1.05 Cr,,"
in Bachupally
, Hyderabad
","
by Canny Life Spaces Pvt Ltd
",6 Floor Plan,"
2 BHK
Flat



","
Possession in 2024
","
1285 - 1390 sqft
"
49,"
SNR The Elite
",68.4 Lac - 1.20 Cr,,"
in Gopanapalli
, Hyderabad
","
by SNR Avenues
",7 Floor Plan,"
2 BHK
Flat



","
Possession in 2024
","
1290 sqft
"
50,"
Hallmark Sunnyside
",72 Lac - 1.29 Cr,,"
in Manchirevula, Outer Ring Road
, Hyderabad
","
by Hallmark Builders
",8 Floor Plan,"
2 BHK
Flat



","
Possession in 2022
","
1210 - 1255 sqft
"
51,"
Vertex Pristine
",82.5 Lac - 1.31 Cr,,"
in Hyder Nagar, NH 9
, Hyderabad
","
by Vertex Homes Pvt. Ltd.
",9 Floor Plan,"
2 BHK
Flat



","
Possession in 2023
","
1270 - 1285 sqft
"
52,"
Aparna Sarovar Zicon
",86.8 Lac - 1.28 Cr,,"
in Nallagandla, Serilingampally
, Hyderabad
","
by Aparna Constructions and Estates Pvt. Ltd.
",9 Floor Plan,"
2 BHK
Flat



","
Possession in 2024
","
1240 - 1310 sqft
"
53,"
Silver Springs
",47 Lac - 47.9 Lac,,"
in Patancheru
, Hyderabad
","
by Durga Avenues
",2 Floor Plan,"
2 BHK
Flat



","
Possession in 2022
","
1045 - 1065 sqft
"
54,"
Urbanrise The Happening Heights
",47.9 Lac - 51.2 Lac,,"
in Dundigal, Outer Ring Road
, Hyderabad
","
by Urbanrise
",3 Floor Plan,"
2 BHK
Flat



","
Possession in 2022
","
1174 sqft
"
55,"
Suraksha Lake Eden
",51 Lac - 59.1 Lac,,"
in Gundlapochampally, Outer Ring Road
, Hyderabad
","
by Bensup Infra
",4 Floor Plan,"
2 BHK
Flat



","
Possession in 2023
","
1200 - 1240 sqft
"
56,"
SR Pragathi Residency
",51 Lac - 61.8 Lac,,"
in Miyapur, NH 9
, Hyderabad
","
by SR Constructions
",3 Floor Plan,"
2 BHK
Flat



","
Under Construction
","
960 - 1175 sqft
"
57,"
DNR Ashoka Hill Park
",60 Lac - 82.5 Lac,,"
in Miyapur, NH 9
, Hyderabad
","
by S R Construction
",8 Floor Plan,"
2 BHK
Flat



","
Possession in 2023
","
1200 - 1230 sqft
"
58,"
Vayun Meadows Block C
",60.7 Lac - 1.02 Cr,,"
in Kapra
, Hyderabad
","
by Anantha Infra
",10 Floor Plan,"
3 BHK
Flat



","
Possession in 2022
","
1265 - 2130 sqft
"
59,"
West City Lake View
",61 Lac - 79.5 Lac,,"
in Miyapur, NH 9
, Hyderabad
","
by S R Construction
",4 Floor Plan,"
2 BHK
Flat



","
Possession in 2022
","
1220 - 1280 sqft
"
60,"
Lakshmis Emperia
",70.2 Lac - 1.32 Cr,,"
in Miyapur, NH 9
, Hyderabad
","
by Lakshmi Infra Projects LLP
",2 Floor Plan,"
2 BHK
Flat



","
Possession in 2023
","
1171 - 2000 sqft
"
61,"
SR Madhava Reddy Residency
",74 Lac Onwards,,"
in Miyapur, NH 9
, Hyderabad
","
by S R Construction
",1 Floor Plan,"
3 BHK
Flat



","
Possession in 2022
","
1480 sqft
"
62,"
My Space
",1.15 Cr - 1.36 Cr,,"
in Pragathi Nagar, Kukatpally
, Hyderabad
","
by Makuta Developers & Infrastructure Pvt. Ltd.
",18 Floor Plan,"
3 BHK
Flat



","
Under Construction
","
2140 - 2400 sqft
"
63,"
Venice City
",1.53 Cr - 4.35 Cr,,"
in Kollur, Outer Ring Road
, Hyderabad
","
by Mirchi Developers
",,"
3 BHK
Villa



","
Possession in 2022
","
2230 - 2599 sqft
"
64,"
Jewel Garden
",99.2 Lac - 1.10 Cr,,"
in Miyapur, NH 9
, Hyderabad
","
by Sri Sai Tirumala Constructions Pvt. Ltd.
",6 Floor Plan,"
3 BHK
Flat



","
Under Construction
","
1575 - 1750 sqft
"
65,"
Happy Homes I
",27 Lac - 49 Lac,,"
in Shamirpet
, Hyderabad
","
by Bhuva Teza Infra Projects Ltd
",,"
2 BHK
Flat



","
Possession in 2024
","
1127 - 1215 sqft
"
66,"
Kalpavriksha
",28.1 Lac - 59 Lac,,"
in Bahadurpally
, Hyderabad
","
by Shanta Sriram Constructions Private Limited & P Mangatram Developers LLP 
",20 Floor Plan,"
1 BHK
Flat



","
Possession in 2024
","
617 - 1078 sqft
"
67,"
Hamlet
",1.10 Cr - 1.55 Cr,,"
in Medchal
, Hyderabad
","
by Vijetha Group
",3 Floor Plan,"
3 BHK
Villa



","
Possession in 2022
","
1850 - 2460 sqft
"
68,"
Rasun Elysian
",2 Cr - 2.50 Cr,,"
in Kondapur
, Hyderabad
","
by Rasun Group 
",8 Floor Plan,"
3 BHK
Flat



","
Possession in 2022
","
1825 - 2275 sqft
"
69,"
Shivantha Gardenia
",28 Lac - 52.8 Lac,,"
in Isnapur, Outer Ring Road
, Hyderabad
","
by SHIVANTHA INFRA 
",2 Floor Plan,"
2 BHK
Flat



","
Possession in 2022
","
895 sqft
"
70,"
VB City
",42.3 Lac - 45.5 Lac,,"
in Kompally
, Hyderabad
","
by Indis
",2 Floor Plan,"
2 BHK
Flat



","
Ready To Move
","
842 sqft
"
71,"
Golden Exotica
",49 Lac Onwards,,"
in Kadthal
, Hyderabad
","
by Sri Aditya Squares
",,"
3 BHK
Villa



","
Possession in 2024
","
1800 sqft
"
72,"
Reliance Jubilee
",63.3 Lac - 1.08 Cr,,"
in Toli Chowki
, Hyderabad
","
by Reliance Builders
",20 Floor Plan,"
2 BHK
Flat



","
Ready To Move
","
746 - 1009 sqft
(Carpet Area)
"
73,"
Gottumukulas Prem Sarovar Emerald
",1.05 Cr Onwards,,"
in Kukatpally, NH 9
, Hyderabad
","
by Prem Constructions
",5 Floor Plan,"
3 BHK
Flat



","
Under Construction
","
1629 sqft
"
74,"
Vertex Kingston Park
",,,"
in Nallagandla, Serilingampally
, Hyderabad
","
by Vertex Homes Pvt. Ltd.
",6 Floor Plan,"
4 BHK
Villa



","
Possession in 2023
","
4020 - 4395 sqft
"
75,"
Aishwarya Icon
",42.2 Lac - 61.2 Lac,,"
in Muthangi, NH 9
, Hyderabad
","
by Krishnateja Constructions
",9 Floor Plan,"
2 BHK
Flat



","
Possession in 2023
","
1055 - 1115 sqft
"
76,"
Suvela Sai Shradha
",85.4 Lac - 1.01 Cr,,"
in Kondapur
, Hyderabad
","
by Suvela Projects Pvt. Ltd.
",2 Floor Plan,"
2 BHK
Flat



","
Under Construction
","
1225 sqft
"
77,"
Sri Villas
",1 Cr - 30 Cr,,"
in Gachibowli
, Hyderabad
","
by Sri Villas
",,"
3 BHK
Villa



","
Ready To Move
","
2500 - 9000 sqft
"
78,"
NCC Urban One
",1.21 Cr - 2.64 Cr,,"
in Narsingi, Outer Ring Road
, Hyderabad
","
by NCC Urban Infrastructure Ltd
",21 Floor Plan,"
3 BHK
Flat



","
Ready To Move
","
1535 sqft
"
79,"
RNP 1
",1.32 Cr - 1.94 Cr,,"
in Kondapur
, Hyderabad
","
by RNP Stellar Projects LLP
",14 Floor Plan,"
3 BHK
Flat



","
Possession in 2023
","
1585 - 2285 sqft
"
80,"
Sri Tirumala Millennium
",48 Lac - 84.6 Lac,,"
in Mallapur
, Hyderabad
","
by EAPL Group
",18 Floor Plan,"
2 BHK
Flat



","
Possession in 2022
","
1089 - 1179 sqft
"
81,"
Brigade Citadel
",79.3 Lac - 1.31 Cr,,"
in Moti Nagar
, Hyderabad
","
by Brigade Enterprises Ltd.
",6 Floor Plan,"
2 BHK
Flat



","
Possession in 2025
","
1177 - 1366 sqft
"
82,"
Aparna Kanopy Yellow Bells
",,,"
in Gundlapochampally, Outer Ring Road
, Hyderabad
","
by Aparna Constructions and Estates Pvt. Ltd.
",7 Floor Plan,"
2 BHK
Flat



","
Possession in 2025
","
1294 - 1362 sqft
"
83,"
Cozy Essence Elite
",40.3 Lac - 80.7 Lac,,"
in Dullapally, NH 7
, Hyderabad
","
by Cozy Essence Builders
",16 Floor Plan,"
2 BHK
Flat



","
Possession in 2023
","
1034 - 1485 sqft
"
84,"
Canny Park Edge
",41.9 Lac - 75.2 Lac,,"
in Pragathi Nagar, Kukatpally
, Hyderabad
","
by Canny Life Spaces Pvt Ltd
",5 Floor Plan,"
2 BHK
Flat



","
Possession in 2022
","
930 sqft
"
85,"
GKRS Bliss I
",45.6 Lac - 81.3 Lac,,"
in Bandlaguda Jagir
, Hyderabad
","
by GKRS Properties LLP
",4 Floor Plan,"
1 BHK
Flat



","
Possession in 2022
","
970 - 1057 sqft
"
86,"
VG Homes
",46.2 Lac - 63 Lac,,"
in Kompally
, Hyderabad
","
by Venkata Gajanana Developers
",5 Floor Plan,"
2 BHK
Flat



","
Possession in 2024
","
1100 - 1230 sqft
"
87,"
Jewels County
",47.6 Lac - 83.7 Lac,,"
in Patancheru
, Hyderabad
","
by Asrithas Group
",21 Floor Plan,"
2 BHK
Flat



","
Possession in 2023
","
1134 - 1446 sqft
"
88,"
APR Praveens Higheria
",48.2 Lac - 68 Lac,,"
in Patancheru
, Hyderabad
","
by APR GROUP
",12 Floor Plan,"
2 BHK
Flat



","
Possession in 2023
","
1205 - 1270 sqft
"
89,"
Kotechs Signature
",50 Lac - 63 Lac,,"
in Mallampet, Outer Ring Road
, Hyderabad
","
by Kotech Projects
",10 Floor Plan,"
2 BHK
Flat



","
Under Construction
","
1111 - 1264 sqft
"
90,"
IRA Aspirations
",50 Lac - 1.05 Cr,,"
in Kollur, Outer Ring Road
, Hyderabad
","
by IRA Realty
",4 Floor Plan,"
2 BHK
Flat



","
Possession in 2023
","
1295 sqft
"
91,"
4 Blocks
",52.8 Lac - 1 Cr,,"
in Kompally
, Hyderabad
","
by Beams and Columns Builders Private Limited
",18 Floor Plan,"
2 BHK
Flat



","
Possession in 2023
","
1055 - 1360 sqft
"
92,"
Srinidhis Indraprastha Residency
",54.1 Lac - 71.4 Lac,,"
in Bachupally
, Hyderabad
","
by Srinidhi Constructions
",9 Floor Plan,"
2 BHK
Flat



","
Possession in 2022
","
1150 - 1450 sqft
"
93,"
GR Mayoora
",55 Lac - 81.4 Lac,,"
in Suchitra Circle
, Hyderabad
","
by GR Builders & Constructions
",8 Floor Plan,"
2 BHK
Flat



","
Possession in 2023
","
1100 - 1195 sqft
"
94,"
Sri Tirumala Pride
",55.2 Lac - 79.2 Lac,,"
in Sainikpuri
, Hyderabad
","
by Rathi Constructions
",12 Floor Plan,"
2 BHK
Flat



","
Possession in 2022
","
1150 - 1550 sqft
"
95,"
VISTA Happy Living
",55.2 Lac - 85.1 Lac,,"
in Kompally
, Hyderabad
","
by Sunyuga Infra Pvt. Ltd.
",15 Floor Plan,"
2 BHK
Flat



","
Possession in 2023
","
1200 - 1220 sqft
"
96,"
Swathis Skyline
",55.3 Lac - 77.9 Lac,,"
in Gajularamaram
, Hyderabad
","
by Swathi Constructions & Developers
",20 Floor Plan,"
2 BHK
Flat



","
Possession in 2022
","
1152 - 1249 sqft
"
97,"
Bhuvi Residency
",55.5 Lac - 76.1 Lac,,"
in Bachupally
, Hyderabad
","
by S V S Square Spaces LLP
",3 Floor Plan,"
2 BHK
Flat



","
Possession in 2022
","
1180 sqft
"
98,"
Elegance
",58.1 Lac - 1.01 Cr,,"
in Kompally
, Hyderabad
","
by Sunyuga Infra Pvt. Ltd.
",9 Floor Plan,"
2 BHK
Flat



","
Possession in 2023
","
1290 sqft
"
99,"
The Ananda
",61.1 Lac - 87.4 Lac,,"
in Pocharam, NH 2 2
, Hyderabad
","
by Sahasram Developers LLP
",6 Floor Plan,"
2 BHK
Flat



","
Possession in 2024
","
1358 - 1364 sqft
"
100,"
Riddhis Pramukh Elegance
",61.3 Lac - 1.70 Cr,,"
in Kompally
, Hyderabad
","
by Riddhi Builders
",3 Floor Plan,"
2 BHK
Flat



","
Possession in 2023
","
1135 - 1230 sqft
"
101,"
Tulasi Elegnz
",64.4 Lac - 85.7 Lac,,"
in Pragathi Nagar, Kukatpally
, Hyderabad
","
by Tulasi Infrastructures
",2 Floor Plan,"
2 BHK
Flat



","
Possession in 2022
","
1170 sqft
"
102,"
Aakriti Cyan
",64.5 Lac - 83.4 Lac,,"
in Tellapur, Outer Ring Road
, Hyderabad
","
by Aakriti Housing
",,"
2 BHK
Flat



","
Possession in 2024
","
1291 - 1399 sqft
"
103,"
Wood Land Residency
",67 Lac - 69.5 Lac,,"
in Madinaguda, Hafeezpet, NH 9
, Hyderabad
","
by S R Construction
",2 Floor Plan,"
2 BHK
Flat



","
Under Construction
","
1285 sqft
"
104,"
Infocity Eyrie
",68 Lac - 1.02 Cr,,"
in Ramachandra Puram, NH 9
, Hyderabad
","
by Infocity Builders
",,"
2 BHK
Flat



","
Possession in 2022
","
1260 - 1450 sqft
"
105,"
Sai Prakruthi
",68.3 Lac - 81.4 Lac,,"
in Kompally
, Hyderabad
","
by Sai Neeraj Constructions India Pvt. Ltd
",1 Floor Plan,"
3 BHK
Flat



","
Possession in 2022
","
1380 - 1580 sqft
"
106,"
Nature Ville
",69 Lac - 92.3 Lac,,"
in Suchitra Circle
, Hyderabad
","
by Nayan Infra
",9 Floor Plan,"
2 BHK
Flat



","
Possession in 2022
","
1230 - 1260 sqft
"
107,"
Risinia Skyon
",69.4 Lac - 1.06 Cr,,"
in Bachupally
, Hyderabad
","
by Risinia Builders
",8 Floor Plan,"
2 BHK
Flat



","
Possession in 2022
","
1388 sqft
"
108,"
Vaishnavi Houdini
",70 Lac - 1.26 Cr,,"
in Bandlaguda Jagir
, Hyderabad
","
by Vaishnavi Infracon India Pvt. Ltd.
",11 Floor Plan,"
2 BHK
Flat



","
Possession in 2024
","
1193 - 1476 sqft
"
109,"
Anuhar Towers
",70.3 Lac - 1.10 Cr,,"
in Alkapur Township, Manikonda, Outer Ring Road
, Hyderabad
","
by Anuhar Homes Pvt. Ltd.
",9 Floor Plan,"
2 BHK
Flat



","
Possession in 2023
","
1233 - 1449 sqft
"
110,"
Tranquil East
",74.5 Lac - 1 Cr,,"
in Hayathnagar, NH 9
, Hyderabad
","
by Vijetha Group
",5 Floor Plan,"
2 BHK
Flat



","
Possession in 2024
","
1405 sqft
"
111,"
Nirmal Landmark
",77 Lac - 1.22 Cr,,"
in Ramanthapur, NH 2 2
, Hyderabad
","
by Nirmal Shelters Pvt. Ltd.
",4 Floor Plan,"
2 BHK
Flat



","
Possession in 2024
","
1100 sqft
"
112,"
West Brook
",78.5 Lac - 1.75 Cr,,"
in Kokapet, Outer Ring Road
, Hyderabad
","
by Cybercity Infrastructure Private Limited
",10 Floor Plan,"
2 BHK
Flat



","
Possession in 2025
","
1075 - 1210 sqft
"
113,"
Mahaveer Palmgrove
",85.8 Lac - 2.80 Cr,,"
in Begumpet
, Hyderabad
","
by Mahaveer Group
",19 Floor Plan,"
2 BHK
Flat



","
Under Construction
","
1100 - 1200 sqft
"
114,"
Hallmark Skyrena
",86.1 Lac - 1.46 Cr,,"
in Narsingi, Outer Ring Road
, Hyderabad
","
by Hallmark Builders
",3 Floor Plan,"
2 BHK
Flat



","
Possession in 2024
","
1325 sqft
"
115,"
ORIANA
",91.2 Lac - 1.73 Cr,,"
in Moosapet, NH 9
, Hyderabad
","
by Cybercity Builders and Developers Pvt. Ltd.
",5 Floor Plan,"
2 BHK
Flat



","
Possession in 2025
","
1250 sqft
"
116,"
Echo Heights
",1.10 Cr - 1.20 Cr,,"
in Manikonda, Outer Ring Road
, Hyderabad
","
by Babulal Infra Projects
",2 Floor Plan,"
3 BHK
Flat



","
Possession in 2022
","
1810 - 1934 sqft
"
117,"
Empire Urbana
",1.18 Cr - 1.83 Cr,,"
in Nanakram Guda
, Hyderabad
","
by Empire Delta Projects LLP
",6 Floor Plan,"
2 BHK
Flat



","
Possession in 2022
","
1574 sqft
"
118,"
Aditya Athena
",1.22 Cr - 1.77 Cr,,"
in Shaikpet
, Hyderabad
","
by Sri Aditya Homes Pvt. Ltd.
",4 Floor Plan,"
3 BHK
Flat



","
Possession in 2022
","
1715 - 2435 sqft
"
119,"
Super Riasath Residency
",1.38 Cr - 1.43 Cr,,"
in Khairatabad, NH 7
, Hyderabad
","
by Super Constructions
",3 Floor Plan,"
3 BHK
Flat



","
Possession in 2022
","
1790 - 1855 sqft
"
120,"
Sudarshan Elite
",1.39 Cr - 1.93 Cr,,"
in RTC Cross Road
, Hyderabad
","
by Sudarshan Builders & Developers
",6 Floor Plan,"
3 BHK
Flat



","
Possession in 2023
","
1397 - 1936 sqft
"
121,"
Pratapa Rudra Luxury Villas
",1.77 Cr - 1.90 Cr,,"
in Rampally
, Hyderabad
","
by Helix Vulcha Developers
",1 Floor Plan,"
3 BHK
Flat



","
Possession in 2024
","
3228 - 3466 sqft
"
122,"
Aparna Zenon
",79.5 Lac - 1.70 Cr,,"
in Puppalaguda
, Hyderabad
","
by Aparna Constructions and Estates Pvt. Ltd.
",9 Floor Plan,"
2 BHK
Flat



","
Possession in 2025
","
855 sqft
(Carpet Area)
"
123,"
Incor Lake City
",39 Lac - 75.3 Lac,,"
in Patancheru
, Hyderabad
","
by Incor Infrastructure Pvt. Ltd.
",7 Floor Plan,"
1 BHK
Flat



","
Possession in 2023
","
794 sqft
"
124,"
Shree Krishna Homes
",44 Lac - 75.2 Lac,,"
in Kompally
, Hyderabad
","
by Shree Krishna Homes
",12 Floor Plan,"
2 BHK
Flat



","
Possession in 2023
","
1100 - 1240 sqft
"
125,"
Tribhuja
",44.9 Lac - 68.8 Lac,,"

in Kollur, Outer Ring Road
, Hyderabad
","
by Tribhuja Developers
",3 Floor Plan,"
2 BHK
Flat



","
Possession in 2024
","
1320 sqft
"
126,"
Praneeth Pranav Flora
",45 Lac - 69.5 Lac,,"
in Bahadurpally
, Hyderabad
","
by Praneeth Group
",3 Floor Plan,"
2 BHK
Flat



","
Possession in 2023
","
1153 sqft
"
127,"
Sri Vathsas Sterling Abode
",54.1 Lac - 78.1 Lac,,"
in Yapral
, Hyderabad
","
by Sri Vathsa Homes Pvt Ltd
",10 Floor Plan,"
2 BHK
Flat



","
Possession in 2022
","
1176 - 1273 sqft
"
128,"
Jewel
",54.2 Lac - 81 Lac,,"
in Aminpur
, Hyderabad
","
by Prekon Constructions
",3 Floor Plan,"
2 BHK
Flat



","
Possession in 2022
","
1205 sqft
"
129,"
Vasavi Metropolis
",55.4 Lac - 1.10 Cr,,"
in Uppal, NH 2 2
, Hyderabad
","
by Vasavi Group
",,"
2 BHK
Flat



","
Possession in 2024
","
1065 - 1195 sqft
"
130,"
Sri Nivasam
",55.6 Lac - 76.9 Lac,,"
in Narapally
, Hyderabad
","
by Vasavi Constructions
",12 Floor Plan,"
2 BHK
Flat



","
Possession in 2023
","
1135 - 1570 sqft
"
131,"
Gothic Pentagon Clouds
",63.9 Lac - 1.13 Cr,,"
in Bachupally
, Hyderabad
","
by Gothic Living Spaces
",15 Floor Plan,"
2 BHK
Flat



","
Possession in 2024
","
1305 sqft
"
132,"
Concrete Avasa
",65.8 Lac - 1.06 Cr,,"
in Nagole
, Hyderabad
","
by Concrete Infra
",6 Floor Plan,"
2 BHK
Flat



","
Possession in 2022
","
1265 sqft
"
133,"
JVR Delight
",71 Lac Onwards,,"
in Hastinapuram
, Hyderabad
","
by Sri Venkatavijay Infra Developers 
",2 Floor Plan,"
2 BHK
Flat



","
Possession in 2023
","
1290 sqft
"
134,"
SMR Vinay Boulder Woods
",75 Lac - 1.37 Cr,,"
in Bandlaguda Jagir
, Hyderabad
","
by SMR Builders Pvt Ltd
",18 Floor Plan,"
2 BHK
Flat



","
Possession in 2024
","
1340 - 1605 sqft
"
135,"
Green Alpha
",75.9 Lac - 1.38 Cr,,"
in Tellapur, Outer Ring Road
, Hyderabad
","
by Tripura Constructions
",5 Floor Plan,"
2 BHK
Flat



","
Possession in 2023
","
1265 sqft
"
136,"
Diamond Oak
",79 Lac - 1.08 Cr,,"
in Nallagandla, Serilingampally
, Hyderabad
","
by Sri Himaghna Constructions Pvt Ltd
",4 Floor Plan,"
2 BHK
Flat



","
Under Construction
","
1225 - 1317 sqft
"
137,"
Jains Balaji Nilayam Casa Waterside
",79.8 Lac - 1.58 Cr,,"
in Malkajgiri
, Hyderabad
","
by Jain Constructions
",16 Floor Plan,"
2 BHK
Flat



","
Possession in 2023
","
1330 sqft
"
138,"
Riddhis Golden Nest
",80.9 Lac - 1.07 Cr,,"
in Manikonda, Outer Ring Road
, Hyderabad
","
by Riddhi Builders
",4 Floor Plan,"
2 BHK
Flat



","
Possession in 2022
","
1285 - 1298 sqft
"
139,"
Praneeth KKRs Pranav Jaitra
",92.7 Lac - 2.38 Cr,,"
in Hyder Nagar, NH 9
, Hyderabad
","
by Praneeth Group
",19 Floor Plan,"
2 BHK
Flat



","
Possession in 2024
","
1345 sqft
"
140,"
Niharika Landmark
",1.06 Cr - 1.33 Cr,,"
in Lingampally-Serilingampally, NH 2 2
, Hyderabad
","
by Niharika Projects
",4 Floor Plan,"
3 BHK
Flat



","
Under Construction
","
1595 - 1995 sqft
"
141,"
Niharika Lakefront
",1.11 Cr - 1.61 Cr,,"
in Khaja Guda, Outer Ring Road
, Hyderabad
","
by Niharika Projects
",4 Floor Plan,"
3 BHK
Flat



","
Under Construction
","
1450 - 2100 sqft
"
142,"
Om Sree Heights
",1.20 Cr - 1.61 Cr,,"
in Yapral
, Hyderabad
","
by Om Sree Builders & Developers LLP
",5 Floor Plan,"
3 BHK
Flat



","
Possession in 2023
","
2070 - 2780 sqft
"
143,"
The Olympus
",1.25 Cr - 2.39 Cr,,"
in Nanakram Guda
, Hyderabad
","
by Sumadhura Infracon Pvt. Ltd.
",1 Floor Plan,"
3 BHK
Flat



","
Possession in 2027
","
1670 sqft
"
144,"
Suvela Projects
",1.29 Cr Onwards,,"
in Rajendra Nagar, Outer Ring Road
, Hyderabad
","
by Suvela Projects Pvt. Ltd.
",,"
3 BHK
Flat



","
Possession in 2025
","
1985 sqft
"
145,"
Praneeth Pranav Knightwoods
",1.48 Cr - 1.95 Cr,,"
in Beeramguda, Ramachandra Puram, NH 9
, Hyderabad
","
by Praneeth Group
",2 Floor Plan,"
3 BHK
Villa



","
Possession in 2023
","
1800 sqft
"
146,"
Unnati
",2.42 Cr - 5 Cr,,"
in Ameerpet, NH 9
, Hyderabad
","
by Shri Salasar Developers
",5 Floor Plan,"
3 BHK
Flat



","
Possession in 2022
","
2450 - 2526 sqft
"
147,"
GKRS Palacio
",3.39 Cr - 3.41 Cr,,"
in Bandlaguda Jagir
, Hyderabad
","
by GKRS Properties LLP
",2 Floor Plan,"
4 BHK
Villa



","
Under Construction
","
3083 - 3100 sqft
"
148,"
Aparna One
",3.45 Cr - 6.25 Cr,,"
in Shaikpet
, Hyderabad
","
by Aparna Constructions and Estates Pvt. Ltd.
",6 Floor Plan,"
3 BHK
Flat



","
Possession in 2023
","
2876 sqft
"
149,"
Shanta Sriram Brookwoods
",3.64 Cr - 4.81 Cr,,"
in Kismatpur, Outer Ring Road
, Hyderabad
","
by Shanta Sriram Constructions
",28 Floor Plan,"
3 BHK
Villa



","
Possession in 2022
","
3355 sqft
"
150,"
Shweta Shubham
",54.8 Lac - 1.39 Cr,,"
in Kompally
, Hyderabad
","
by Splendeur Projects
",8 Floor Plan,"
2 BHK
Flat



","
Ready To Move
","
996 - 1114 sqft
(Carpet Area)
"
151,"
Ambience Courtyard
",90 Lac - 1.35 Cr,,"
in Manikonda, Outer Ring Road
, Hyderabad
","
by Koncept Ambience
",13 Floor Plan,"
2 BHK
Flat



","
Possession in 2023
","
1340 sqft
"
152,"
Gruhashilpis Kaushalya
",1.32 Cr - 2.53 Cr,,"
in Kompally
, Hyderabad
","
by Gruhashilpi Constructions
",20 Floor Plan,"
3 BHK
Villa



","
Possession in 2022
","
1773 - 3382 sqft
"
153,"
Praveens Crystal Avenue
",1.53 Cr - 2 Cr,,"
in Saheb Nagar, Vanasthalipuram, NH 9
, Hyderabad
","
by APR GROUP
",7 Floor Plan,"
4 BHK
Villa



","
Possession in 2022
","
2190 - 2865 sqft
"
154,"
Bloom Fields
",1.59 Cr - 1.82 Cr,,"
in Kompally
, Hyderabad
","
by Arhan infra
",,"
3 BHK
Villa



","
Possession in 2022
","
2345 - 2688 sqft
"
155,"
Sri Mytri Avasa
",2.07 Cr - 3.80 Cr,,"
in Mokila
, Hyderabad
","
by Sri Mytri Constructions and Developers
",1 Floor Plan,"
3 BHK
Villa



","
Possession in 2022
","
2384 - 4354 sqft
"
156,"
Village Pointe
",72.2 Lac - 1.16 Cr,,"
in Alkapur Township, Manikonda, Outer Ring Road
, Hyderabad
","
by RR Builders
",14 Floor Plan,"
2 BHK
Flat



","
Ready To Move
","
1204 - 1315 sqft
"
157,"
Mahidhara Paradise
",74 Lac - 85 Lac,,"
in Isnapur, Outer Ring Road
, Hyderabad
","
by Mahidhara Projects Pvt. Ltd.
",2 Floor Plan,"
3 BHK
Villa



","
Possession in 2023
","
1600 - 2029 sqft
"
158,"
S Cube County
",75 Lac - 1.89 Cr,,"
in Srisailam Highway
, Hyderabad
","
by Subhashini Signature Services Pvt. Ltd.
",,"
3 BHK
Villa



","
Possession in 2024
","
1951 - 4221 sqft
"
159,"
Greenridge Villas
",90.6 Lac - 1.96 Cr,,"
in Yapral
, Hyderabad
","
by Squarius Infra Projects Pvt Ltd.
",17 Floor Plan,"
3 BHK
Villa



","
Possession in 2022
","
1510 - 2586 sqft
"
160,"
EIPL Apila
",98 Lac - 1.57 Cr,,"
in Gandipet
, Hyderabad
","
by EIPL Group
",14 Floor Plan,"
2 BHK
Flat



","
Ready To Move
","
1360 sqft
"
161,"
Luxor Woods
",1.05 Cr Onwards,,"
in Tukkuguda, Srisailam Highway
, Hyderabad
","
by N Square Projects Pvt Ltd
",,"
3 BHK
Villa



","
Possession in 2026
","
2600 sqft
"
162,"
Casa Hills
",1.08 Cr - 1.40 Cr,,"
in Shamshabad
, Hyderabad
","
by Tarini Avenues LLP
",,"
4 BHK
Villa



","
Possession in 2023
","
1620 sqft
"
163,"
Praveens Grandio
",1.22 Cr - 1.83 Cr,,"
in Patancheru
, Hyderabad
","
by APR Group
",4 Floor Plan,"
3 BHK
Villa



","
Under Construction
","
1770 - 2510 sqft
"
164,"
Bandari Blossoms
",36 Lac - 48.6 Lac,,"
in Ghatkesar, NH 2 2
, Hyderabad
","
by Laxmi Infrastructure
",9 Floor Plan,"
2 BHK
Flat



","
Ready To Move
","
1000 - 1050 sqft
"
165,"
Sai Mythris Prem Nivas
",42 Lac Onwards,,"
in Gajularamaram
, Hyderabad
","
by Prem Constructions
",1 Floor Plan,"
2 BHK
Flat



","
Ready To Move
","
1120 sqft
"
166,"
Sri Venkateswara Nilayam
",44.5 Lac Onwards,,"
in Mallampet, Outer Ring Road
, Hyderabad
","
by SR Constructions
",2 Floor Plan,"
2 BHK
Flat



","
Ready To Move
","
1235 sqft
"
167,"
Vasu Sri Sunrise
",45 Lac - 51.8 Lac,,"
in Kompally
, Hyderabad
","
by Vasu Sri Infra Projects
",2 Floor Plan,"
2 BHK
Flat



","
Ready To Move
","
1150 sqft
"
168,"
Vertiqle Veda
",45.5 Lac - 57 Lac,,"
in Gandi Maisamma, Outer Ring Road
, Hyderabad
","
by Vertiqle Builders and Developers
",2 Floor Plan,"
2 BHK
Flat



","
Ready To Move
","
1200 sqft
"
169,"
Indigo Enclave
",46.6 Lac Onwards,,"
in Kapra
, Hyderabad
","
by Indigo Constructions
",2 Floor Plan,"
2 BHK
Flat



","
Ready To Move
","
1004 sqft
"
170,"
Aditya Nest
",53 Lac - 55 Lac,,"
in Narsingi, Outer Ring Road
, Hyderabad
","
by Sree Suryya Developers
",3 Floor Plan,"
2 BHK
Flat



","
Ready To Move
","
900 - 907 sqft
"
171,"
Sri Vathsa Sky Heaven
",68.8 Lac - 1.35 Cr,,"
in Miyapur, NH 9
, Hyderabad
","
by Sri Vathsa Homes Pvt Ltd
",12 Floor Plan,"
2 BHK
Flat



","
Ready To Move
","
1146 - 1672 sqft
"
172,"
Dhivya Shree Shakthi
",73 Lac - 2.07 Cr,,"
in Miyapur, NH 9
, Hyderabad
","
by Dhivya Shakti Group
",23 Floor Plan,"
4 BHK
Flat



","
Ready To Move
","
3152 sqft
"
173,"
NCC Urban Gardenia
",3.01 Cr - 3.69 Cr,,"
in Hitech City
, Hyderabad
","
by NCC Urban Infrastructure Ltd
",11 Floor Plan,"
4 BHK
Flat



","
Ready To Move
","
3448 sqft
"
174,"
Ira Orchid
",35 Lac Onwards,,"
in Isnapur, Outer Ring Road
, Hyderabad
","
by Nihira Constructions
",1 Floor Plan,"
2 BHK
Flat



","
Ready To Move
","
1100 sqft
"
175,"
SVS Ample Homes
",57.8 Lac - 88 Lac,,"
in Chandanagar, NH 9
, Hyderabad
","
by SVS Infracon Pvt Ltd
",9 Floor Plan,"
2 BHK
Builder Floor



","
Possession in 2023
","
950 - 1250 sqft
"
176,"
Sahasraa
",72.8 Lac - 1.44 Cr,,"
in Kondapur
, Hyderabad
","
by Fuerzaa Group
",4 Floor Plan,"
2 BHK
Flat



","
Ready To Move
","
1156 - 1218 sqft
"
177,"
Praneeta Singapur Town
",1.25 Cr - 1.27 Cr,,"
in Shankarpalli-Rangareddi 
, Hyderabad
","
by Praneeta Developers
",6 Floor Plan,"
4 BHK
Villa



","
Possession in 2022
","
2290 - 2323 sqft
"
178,"
ISTA at 228
",2.83 Cr Onwards,,"
in Madhapur
, Hyderabad
","
by ISTA Homes
",1 Floor Plan,"
4 BHK
Flat



","
Possession in 2022
","
2780 sqft
"
179,"
ISTA at 365
",2.84 Cr Onwards,,"
in Madhapur
, Hyderabad
","
by ISTA Homes
",1 Floor Plan,"
4 BHK
Flat



","
Possession in 2022
","
2785 sqft
"
180,"
Empire Insignia
",3.27 Cr - 3.73 Cr,,"
in Appa junction
, Hyderabad
","
by Empire Delta Projects LLP
",15 Floor Plan,"
4 BHK
Villa



","
Ready To Move
","
3271 - 3731 sqft
"
181,"
Vessella Woods
",5.73 Cr - 7.04 Cr,,"
in Kondapur
, Hyderabad
","
by Vessella Group
",1 Floor Plan,"
4 BHK
Villa



","
Possession in 2022
","
3584 - 4259 sqft
"
182,"
Mantri A
",9.64 Cr - 11.50 Cr,,"
in Jubilee Hills
, Hyderabad
","
by Mantri Developers Pvt. Ltd.
",6 Floor Plan,"
4 BHK
Flat



","
Possession in 2023
","
4006 - 4237 sqft
(Carpet Area)
"
183,"
Jains Carlton Creek Phase II
",75.5 Lac - 1.43 Cr,,"
in Gachibowli
, Hyderabad
","
by Jain Housing & Constructions Ltd.
",2 Floor Plan,"
2 BHK
Flat



","
Ready To Move
","
944 sqft
"
184,"
Srusti Symphony
",79.5 Lac - 2.34 Cr,,"
in Kondapur
, Hyderabad
","
by Srusti Infra Developers India Pvt. Ltd.
",,"
2 BHK
Flat



","
Ready To Move
","
1135 - 1250 sqft
"
185,"
Sikhara Tranquil
",1.77 Cr - 2.38 Cr,,"
in Cherlapalli
, Hyderabad
","
by Sikhara Developers
",8 Floor Plan,"
4 BHK
Villa



","
Possession in 2023
","
2734 - 3670 sqft
"
186,"
Sai Vaibhavi Valero
",4.50 Cr Onwards,,"
in Jubilee Hills
, Hyderabad
","
by Vaibhavi Projects
",3 Floor Plan,"
4 BHK
Flat



","
Possession in 2022
","
3820 sqft
"
187,"
Gajanana Homes
",46 Lac - 69.2 Lac,,"
in Kompally
, Hyderabad
","
by Sri Gajanana Constructions
",7 Floor Plan,"
2 BHK
Flat



","
Ready To Move
","
1000 - 1150 sqft
"
188,"
Buildwell Acropolis
",50.4 Lac - 65.2 Lac,,"
in Nagole
, Hyderabad
","
by Buildwell Builders
",2 Floor Plan,"
2 BHK
Flat



","
Ready To Move
","
1060 - 1117 sqft
"
189,"
Dhivi
",59.9 Lac - 83.4 Lac,,"
in Pragathi Nagar, Kukatpally
, Hyderabad
","
by Rudhra Constructions
",,"
2 BHK
Flat



","
Ready To Move
","
1197 - 1208 sqft
"
190,"
Jains Salzburg
",60 Lac - 80.3 Lac,,"
in Bandlaguda Jagir
, Hyderabad
","
by Jain Housing & Constructions Ltd.
",14 Floor Plan,"
2 BHK
Flat



","
Ready To Move
","
1020 - 1091 sqft
"
191,"
Aarthis Alansh Homes
",60 Lac - 65 Lac,,"
in Uppal, NH 2 2
, Hyderabad
","
by Aarthi Constructions
",2 Floor Plan,"
2 BHK
Flat



","
Ready To Move
","
1170 - 1200 sqft
"
192,"
Indigo Pride
",60.1 Lac - 76 Lac,,"
in Kapra
, Hyderabad
","
by Indigo Constructions
",3 Floor Plan,"
2 BHK
Flat



","
Ready To Move
","
1246 sqft
"
193,"
Ankura
",61.3 Lac - 62.7 Lac,,"
in Uppal, NH 2 2
, Hyderabad
","
by TEE NINE INFRA
",,"
2 BHK
Flat



","
Ready To Move
","
1115 - 1120 sqft
"
194,"
Land Mark
",73.8 Lac - 99 Lac,,"
in Nagole
, Hyderabad
","
by Ketrish Developer
",4 Floor Plan,"
2 BHK
Flat



","
Ready To Move
","
1230 sqft
"
195,"
AR The Nest
",76.9 Lac - 1.14 Cr,,"
in Manikonda, Outer Ring Road
, Hyderabad
","
by AR Infra and Developers
",24 Floor Plan,"
2 BHK
Flat



","
Ready To Move
","
1220 - 1305 sqft
"
196,"
RR Signature
",76.9 Lac - 1.20 Cr,,"
in Kokapet, Outer Ring Road
, Hyderabad
","
by RR Builders
",8 Floor Plan,"
2 BHK
Flat



","
Ready To Move
","
1221 - 1236 sqft
"
197,"
Aryan Excelencia
",85.3 Lac - 89.2 Lac,,"
in Uppal, NH 2 2
, Hyderabad
","
by Bhumija Developers
",1 Floor Plan,"
3 BHK
Flat



","
Ready To Move
","
1551 - 1621 sqft
"
198,"
United Avenues
",89.3 Lac - 1.27 Cr,,"
in Narsingi, Outer Ring Road
, Hyderabad
","
by Vedic Constructions
",8 Floor Plan,"
2 BHK
Flat



","
Ready To Move
","
1395 sqft
"
199,"
Fort View
",93.6 Lac Onwards,,"
in Hydershakote
, Hyderabad
","
by Theme Projects
",2 Floor Plan,"
3 BHK
Flat



","
Ready To Move
","
1950 sqft
"
200,"
Bay Hills
",96.2 Lac - 1.56 Cr,,"
in Narsingi, Outer Ring Road
, Hyderabad
","
by Ananda Homes
",30 Floor Plan,"
3 BHK
Flat



","
Ready To Move
","
1604 - 2608 sqft
(Carpet Area)
"
201,"
Greentech O2 Community
",1.43 Cr - 2.26 Cr,,"
in Wadakpally
, Hyderabad
","
by Sri Aditya Squares
",4 Floor Plan,"
4 BHK
Villa



","
Possession in 2023
","
3180 - 5037 sqft
"
202,"
Mukka Praveens Signator 
",1.46 Cr - 2 Cr,,"
in Mallampet, Outer Ring Road
, Hyderabad
","
by APR GROUP
",5 Floor Plan,"
4 BHK
Villa



","
Possession in 2022
","
2180 - 2985 sqft
"
203,"
Amulya Green Lands
",1.76 Cr - 1.84 Cr,,"
in Tukkuguda, Srisailam Highway
, Hyderabad
","
by Kamala Builders & Developers
",2 Floor Plan,"
4 BHK
Villa



","
Possession in 2023
","
3215 - 3359 sqft
"
204,"
Celebrity Prime Oaks
",1.82 Cr Onwards,,"
in Madhapur
, Hyderabad
","
by Celebrity Prime Developers
",1 Floor Plan,"
3 BHK
Flat



","
Ready To Move
","
1918 sqft
"
205,"
Lakshmi Sikhara Pride
",2.03 Cr - 2.25 Cr,,"
in Film Nagar
, Hyderabad
","
by Sikhara Projects
",2 Floor Plan,"
3 BHK
Flat



","
Ready To Move
","
2256 - 2511 sqft
"
206,"
NDRs Vipasa
",2.50 Cr - 2.70 Cr,,"
in Shankarpalli Road
, Hyderabad
","
by NDR Developers & Constructions
",1 Floor Plan,"
4 BHK
Villa



","
Possession in 2024
","
3325 sqft
"
207,"
Vishal Sanjivini
",2.98 Cr - 4 Cr,,"
in Tukkuguda, Srisailam Highway
, Hyderabad
","
by Vishal Projects Pvt. Ltd.
",27 Floor Plan,"
4 BHK
Villa



","
Possession in 2024
","
1998 - 2925 sqft
"
208,"
Theme Projects
",87.8 Lac Onwards,,"
in Narsingi, Outer Ring Road
, Hyderabad
","
by Kranthi Properties
",1 Floor Plan,"
3 BHK
Flat



","
Ready To Move
","
1950 sqft
"
209,"
Riddhis Grandeur
",91.8 Lac - 97.3 Lac,,"
in Alkapur Township, Manikonda, Outer Ring Road
, Hyderabad
","
by Riddhi Builders and Developers
",13 Floor Plan,"
3 BHK
Flat



","
Ready To Move
","
1480 - 1570 sqft
"
210,"
MPM SS Pinnacle
",96.5 Lac - 1.22 Cr,,"
in Ameerpet, NH 9
, Hyderabad
","
by MPM Group
",8 Floor Plan,"
2 BHK
Flat



","
Ready To Move
","
1206 - 1365 sqft
"
211,"
Sukhii 9
",96.9 Lac - 1.14 Cr,,"
in Bachupally
, Hyderabad
","
by NJR Constructions Private Limited and Sukhii Group
",6 Floor Plan,"
3 BHK
Flat



","
Ready To Move
","
1615 - 1905 sqft
"
212,"
EIPL Rivera
",1.26 Cr Onwards,,"
in Manchirevula, Outer Ring Road
, Hyderabad
","
by EIPL Group
",4 Floor Plan,"
3 BHK
Flat



","
Ready To Move
","
2025 sqft
"
213,"
Krushi Madhava Nest
",1.43 Cr - 1.48 Cr,,"
in Patancheru
, Hyderabad
","
by Krushi Infra Projects India Private Limited
",2 Floor Plan,"
4 BHK
Villa



","
Possession in 2022
","
2280 - 2316 sqft
"
214,"
Siri Elite
",1.52 Cr - 1.63 Cr,,"
in Tukkuguda, Srisailam Highway
, Hyderabad
","
by Grenstone Infra
",4 Floor Plan,"
4 BHK
Villa



","
Possession in 2024
","
2700 - 3060 sqft
"
215,"
Riddhis Laxman County
",2.35 Cr - 3 Cr,,"
in Tukkuguda, Srisailam Highway
, Hyderabad
","
by Riddhi Builders
",12 Floor Plan,"
4 BHK
Villa



","
Possession in 2023
","
3624 - 4634 sqft
"
216,"
Risinia Trendilla
",68.1 Lac - 1 Cr,,"
in Bachupally
, Hyderabad
","
by Risinia Builders
",8 Floor Plan,"
2 BHK
Flat



","
Ready To Move
","
1195 - 1295 sqft
"
217,"
RR Tropicana
",73.2 Lac - 1.25 Cr,,"
in Narsingi, Outer Ring Road
, Hyderabad
","
by RR Builders
",11 Floor Plan,"
2 BHK
Flat



","
Ready To Move
","
1220 - 1285 sqft
"
218,"
Riddhis Saphire
",1.05 Cr - 1.43 Cr,,"
in Narsingi, Outer Ring Road
, Hyderabad
","
by Riddhi Infra Estate LLP
",9 Floor Plan,"
3 BHK
Flat



","
Ready To Move
","
1510 - 2055 sqft
"
219,"
Saket Bhusatva
",1.52 Cr - 3.06 Cr,"

","
in Kompally
, Hyderabad
","
by Saket Group
",5 Floor Plan,"
3 BHK
Villa



","
Ready To Move
","
2113 - 3880 sqft
"
220,"
SMR Vinay Casa Carino
",6.46 Cr - 7.67 Cr,,"
in Rajendra Nagar, Outer Ring Road
, Hyderabad
","
by SMR Holdings
",9 Floor Plan,"
5 BHK
Villa



","
Under Construction
","
4310 - 5116 sqft
"
221,"
The Bodhivriksha
",82 Lac - 1.13 Cr,,"
in Appa junction
, Hyderabad
","
by Shanta Sriram Constructions Private Limited & P Mangatram Developers LLP 
",7 Floor Plan,"
3 BHK
Builder Floor



","
Possession in 2025
","
1294 - 1905 sqft
"
222,"
Green Valley Villas
",84 Lac - 1.02 Cr,,"
in Shamirpet
, Hyderabad
","
by Laxmi Infratech
",4 Floor Plan,"
2 BHK
House



","
Ready To Move
","
2038 sqft
"
223,"
Aliens Space Station
",80.1 Lac - 1.10 Cr,,"
in Gachibowli
, Hyderabad
","
by Aliens Group
",28 Floor Plan,"
2 BHK
Flat



","
Possession in 2023
","
1432 sqft
"
224,"
NR Infra Ultimus
",84.5 Lac - 1.14 Cr,,"
in Patancheru
, Hyderabad
","
by NR Infra
",8 Floor Plan,"
2 BHK
House



","
Ready To Move
","
1920 - 2500 sqft
"
225,"
Hillton
",34.7 Lac - 76.5 Lac,,"
in Chandanagar, NH 9
, Hyderabad
","
by Jaya Group
",2 Floor Plan,"
2 BHK
Flat



","
Possession in 2024
","
204 - 897 sqft
(Carpet Area)
"
226,"
Rainbow Vistas Rock Gardens
",1.85 Cr - 1.87 Cr,,"
in Hitech City
, Hyderabad
","
by Cybercity Builders and Developers Pvt. Ltd.
",22 Floor Plan,"
4 BHK
Flat



","
Possession in 2022
","
2795 sqft
"
227,"
Vasavi Urban
",41 Lac - 52 Lac,,"
in Bachupally
, Hyderabad
","
by Vasavi Group
",3 Floor Plan,"
2 BHK
Flat



","
Possession in 2024
","
578 - 950 sqft
(Carpet Area)
"
228,"
My Home Bhooja
",3.32 Cr - 5.32 Cr,,"
in Hitech City
, Hyderabad
","
by My Home Group
",4 Floor Plan,"
3 BHK
Flat



","
Under Construction
","
1946 - 2572 sqft
(Carpet Area)
"
229,"
Udaya Cresent
",1.75 Cr Onwards,,"
in Kondapur
, Hyderabad
","
by Creative Koven Developers
",10 Floor Plan,"
3 BHK
Flat



","
Possession in 2023
","
2265 sqft
"
230,"
NSKs Platina
",55.7 Lac - 66 Lac,,"
in Miyapur, NH 9
, Hyderabad
","
by Nikhilsai Krishna Infra LLP
",6 Floor Plan,"
2 BHK
Flat



","
Under Construction
","
900 - 1140 sqft
(Carpet Area)
"
231,"
Aparna Luxor Park
",2.02 Cr - 3.09 Cr,,"
in Kondapur
, Hyderabad
","
by Aparna Constructions and Estates Pvt. Ltd.
",21 Floor Plan,"
3 BHK
Flat



","
Possession in 2023
","
1850 - 2805 sqft
(Carpet Area)
"
232,"
Golden Oriole
",87.8 Lac - 1.02 Cr,,"
in Puppalaguda
, Hyderabad
","
by Fortune Green Homes
",22 Floor Plan,"
2 BHK
Flat



","
Under Construction
","
1200 sqft
(Carpet Area)
"
233,"
Ashoka Lakeside
",85 Lac Onwards,,"
in Khaja Guda, Outer Ring Road
, Hyderabad
","
by Ashoka Developers & Builders
",3 Floor Plan,"
2 BHK
Flat



","
Under Construction
","
1335 sqft
"
234,"
Janapriya Sitara
",37 Lac - 48 Lac,,"
in Sainikpuri
, Hyderabad
","
by Janapriya Engineers Syndicate
",8 Floor Plan,"
2 BHK
Flat



","
Under Construction
","
535 - 700 sqft
(Carpet Area)
"
235,"
Ayyappa Society
",47.5 Lac - 83.6 Lac,,"
in Madhapur
, Hyderabad
",,,"
2 BHK
Flat



","
Ready To Move
","
930 - 1205 sqft
(Carpet Area)
"
236,"
L&T Serene County
",1.17 Cr - 2 Cr,"

","
in Gachibowli
, Hyderabad
","
by L&T Realty Ltd.
",39 Floor Plan,"
3 BHK
Flat



","
Ready To Move
","
1400 sqft
(Carpet Area)
"
237,"
Jyothi Cosmos
",4.60 Cr - 4.70 Cr,,"
in Hitech City
, Hyderabad
","
by Vamsiram Builders
",5 Floor Plan,"
4 BHK
Flat



","
Under Construction
","
3850 sqft
(Carpet Area)
"
238,"
Nandan Serenity
",1.25 Cr - 1.66 Cr,,"
in Velimela
, Hyderabad
","
by Mantoor Infrastructure Private Limited
",5 Floor Plan,"
3 BHK
Villa



","
Under Construction
","
1350 - 1783 sqft
(Carpet Area)
"
239,"
Vasavi Lake City
",78.4 Lac - 1.09 Cr,,"
in Hafeezpet, NH 9
, Hyderabad
","
by Vasavi Group
",6 Floor Plan,"
2 BHK
Flat



","
Possession in 2023
","
800 sqft
(Carpet Area)
"
240,"
Happy Homes II
",23.1 Lac - 28 Lac,,"
in Shamirpet
, Hyderabad
","
by Bhuva Teza Infra Projects Ltd
",4 Floor Plan,"
2 BHK
Flat



","
Possession in 2023
","
788 - 1050 sqft
(Carpet Area)
"
241,"
Aparna Serene Park
",,,"
in Kondapur
, Hyderabad
","
by Aparna Constructions and Estates Pvt. Ltd.
",5 Floor Plan,"
3 BHK
Flat



","
Ready To Move
","
1710 sqft
"
242,"
Skanda Srinivasam
",38 Lac Onwards,,"
in Isnapur, Outer Ring Road
, Hyderabad
","
by Vedamsa Infrastructure (P) Ltd
",9 Floor Plan,"
2 BHK
Flat



","
Under Construction
","
1100 sqft
(Carpet Area)
"
243,"
Ashoka Hill Park
",60.3 Lac - 80.9 Lac,,"
in Miyapur, NH 9
, Hyderabad
","
by DNR Constructions
",7 Floor Plan,"
2 BHK
Flat



","
Possession in 2022
","
1230 sqft
"
244,"
Vivanta Central Court
",53 Lac - 92.3 Lac,,"
in Mokila
, Hyderabad
","
by Nikhila Constructions and Developers
",5 Floor Plan,"
2 BHK
Flat



","
Under Construction
","
1000 - 1150 sqft
(Carpet Area)
"
245,"
Aspira And Wondur
",20.6 Lac - 36.5 Lac,,"
in Isnapur, Outer Ring Road
, Hyderabad
","
by MPH Developers
",5 Floor Plan,"
1 BHK
Flat



","
Under Construction
","
378 - 464 sqft
(Carpet Area)
"
246,"
MPR Urban City
",25.3 Lac - 38 Lac,,"
in Patancheru
, Hyderabad
","
by Tranquillo Projects and Holdings Pvt. Ltd.
",2 Floor Plan,"
1 BHK
Flat



","
Possession in 2024
","
383 - 460 sqft
(Carpet Area)
"
247,"
Elegance
",58.1 Lac - 1.01 Cr,,"
in Kompally
, Hyderabad
","
by Sunyuga Infra Pvt. Ltd.
",9 Floor Plan,"
2 BHK
Flat



","
Possession in 2023
","
1290 sqft
"
248,"
Akshita Heights Four
",59.5 Lac Onwards,,"
in Kompally
, Hyderabad
","
by Akshita Infra
",8 Floor Plan,"
2 BHK
Flat



","
Possession in 2023
","
200 sqft
(Carpet Area)
"
249,"
Mandadi Magnus
",99 Lac Onwards,,"
in Miyapur, NH 9
, Hyderabad
","
by Mandadi Constructions Pvt. Ltd.
",3 Floor Plan,"
3 BHK
Flat



","
Under Construction
","
1260 sqft
(Carpet Area)
"
250,"
Dinesh Auric
",52.5 Lac - 57.6 Lac,,"
in Bachupally
, Hyderabad
","
by Dinesh Project Pvt. Ltd.
",,"
2 BHK
Flat



","
Under Construction
","
877 - 935 sqft
(Carpet Area)
"
251,"
Parijatha Elite
",29.7 Lac Onwards,,"
in Taramatipet
, Hyderabad
",,,"
2 BHK
Flat



","
Possession in 2022
","
880 sqft
(Carpet Area)
"
252,"
Galaxy Towers
",50.5 Lac Onwards,,"
in Pocharam, NH 2 2
, Hyderabad
","
by Surya Constructions
",,"
2 BHK
Flat



","
Possession in 2022
","
1250 sqft
(Carpet Area)
"
253,"
Praneeth Pranav Town Square
",60 Lac - 96.4 Lac,,"
in Bachupally
, Hyderabad
","
by Praneeth Group
",6 Floor Plan,"
2 BHK
Flat



","
Possession in 2022
","
928 - 1050 sqft
(Carpet Area)
"
254,"
Aparna Hill Park Avenues
",79 Lac - 1.15 Cr,,"
in Chandanagar, NH 9
, Hyderabad
","
by Aparna Constructions and Estates Pvt. Ltd.
",23 Floor Plan,"
2 BHK
Flat



","
Ready To Move
","
1275 sqft
(Carpet Area)
"
255,"
Bloomdale
",23 Lac - 32 Lac,,"
in Medchal
, Hyderabad
","
by BhuvanTeza Infrastructures LLP
",3 Floor Plan,"
2 BHK
Flat



","
Possession in 2024
","
900 - 1000 sqft
(Carpet Area)
"
256,"
Sanarelli
",44 Lac - 68 Lac,,"
in Bachupally
, Hyderabad
","
by Speed Housing LLP
",3 Floor Plan,"
2 BHK
Flat



","
Possession in 2023
","
800 - 1700 sqft
(Carpet Area)
"
257,"
Vasu Sri Pride
",47 Lac - 63 Lac,,"
in Gandi Maisamma, Outer Ring Road
, Hyderabad
","
by Vasu Sri Infra Projects
",5 Floor Plan,"
2 BHK
Flat



","
Possession in 2023
","
900 - 1175 sqft
(Carpet Area)
"
258,"
PALM RIDGE
",8.45 Cr - 8.50 Cr,,"
in Kondapur
, Hyderabad
","
by Axon Housing Solutions Pvt. Ltd.
",24 Floor Plan,"
4 BHK
Villa



","
Under Construction
","
4290 - 4300 sqft
"
259,"
Bharatis Green Empire Heights
",29.7 Lac - 35 Lac,,"
in Bhanoor
, Hyderabad
","
by Bharati Builders Pvt. Ltd.
",7 Floor Plan,"
3 BHK
Flat



","
Possession in 2024
","
1250 - 1500 sqft
(Carpet Area)
"
260,"
Lavender Sky
",31.6 Lac - 31.7 Lac,,"
in Ghanapur
, Hyderabad
","
by Gruhitha Infra Private Limited 
",,"
2 BHK
Flat



","
Possession in 2024
","
1260 sqft
(Carpet Area)
"
261,"
Signature Fortius
",46 Lac - 47.4 Lac,,"
in Isnapur, Outer Ring Road
, Hyderabad
","
by Signature Avenues
",1 Floor Plan,"
2 BHK
Flat



","
Under Construction
","
817 - 1210 sqft
(Carpet Area)
"
262,"
Samanvi Codename Talk Of Hyderabad
",57.1 Lac - 65.6 Lac,,"
in Bachupally
, Hyderabad
",,,"
2 BHK
Flat



","
Possession in 2023
","
780 - 923 sqft
(Carpet Area)
"
263,"
Spring Is In The Air
",41.3 Lac - 70.3 Lac,,"
in Aminpur
, Hyderabad
","
by Urbanrise
",4 Floor Plan,"
2 BHK
Flat



","
Possession in 2023
","
643 - 1254 sqft
(Carpet Area)
"
264,"
Smondo
",76 Lac - 1.15 Cr,"

","
in Gachibowli
, Hyderabad
","
by Patel Realty
",21 Floor Plan,"
2 BHK
Flat



","
Possession in 2023
","
990 - 1120 sqft
"
265,"
Sahiti Sarvani Elite
",36.2 Lac - 56.5 Lac,,"
in Gangaram, Chandanagar, NH 9
, Hyderabad
","
by Sahiti Constructions
",,"
2 BHK
Flat



","
Possession in 2024
","
907 - 964 sqft
(Carpet Area)
"
266,"
Tulasi Bhagyanagar
",31.2 Lac Onwards,,"
in Dundigal, Outer Ring Road
, Hyderabad
",,,"
2 BHK
Flat



","
Possession in 2025
","
780 sqft
(Carpet Area)
"
267,"
Sri Sai Anurag New Town Phase II
",32.9 Lac - 38 Lac,,"
in Thumukunta
, Hyderabad
","
by Shree Anurag Projects
",18 Floor Plan,"
2 BHK
Flat



","
Under Construction
","
683 sqft
(Carpet Area)
"
268,"
Urban Heights
",42 Lac Onwards,,"
in Tukkuguda, Srisailam Highway
, Hyderabad
","
by Urban Yards
",2 Floor Plan,"
2 BHK
Flat



","
Possession in 2022
","
1300 sqft
(Carpet Area)
"
269,"
ELV Cosmopolis
",45.4 Lac Onwards,,"
in Adibatla
, Hyderabad
","
by ELV Projects Pvt Ltd
",7 Floor Plan,"
2 BHK
Flat



","
Possession in 2022
","
1195 sqft
"
270,"
Nivriti
",68.8 Lac - 77.1 Lac,,"
in Miyapur, NH 9
, Hyderabad
","
by Satya Sree Developers LLP
",4 Floor Plan,"
2 BHK
Flat



","
Possession in 2023
","
1005 - 1557 sqft
(Carpet Area)
"
271,"
Vasudha Apex
",59.9 Lac - 77.1 Lac,,"
in Bachupally
, Hyderabad
","
by Vasudha Developer
",,"
2 BHK
Flat



","
Under Construction
","
935 - 986 sqft
(Carpet Area)
"
272,"
White Rock
",22.3 Lac Onwards,,"
in Isnapur, Outer Ring Road
, Hyderabad
","
by MKT Praneeth Homes
",3 Floor Plan,"
1 BHK
Flat



","
Under Construction
","
368 sqft
(Carpet Area)
"
273,"
RNs Aakruti Heights
",44 Lac Onwards,,"
in Patancheru
, Hyderabad
","
by Vibhat Homes
",6 Floor Plan,"
2 BHK
Flat



","
Possession in 2022
","
780 sqft
(Carpet Area)
"
274,"
ARK Homes
",54 Lac - 65 Lac,,"
in Bolarum, Medchal Road
, Hyderabad
","
by ARK Builders
",6 Floor Plan,"
3 BHK
Flat



","
Possession in 2022
","
1365 - 1380 sqft
"
275,"
Edifice
",59.8 Lac Onwards,,"
in Bachupally
, Hyderabad
","
by Modi Builders & Realtors Pvt Ltd
",1 Floor Plan,"
3 BHK
Flat



","
Possession in 2023
","
962 sqft
(Carpet Area)
"
276,"
Meda Prestige
",74 Lac Onwards,,"
in Miyapur, NH 9
, Hyderabad
","
by MRKR Constructions and Industries Pvt. Ltd.
",14 Floor Plan,"
2 BHK
Flat



","
Possession in 2023
","
1100 sqft
(Carpet Area)
"
277,"
Vertex Prime
",80 Lac Onwards,,"
in Kukatpally, NH 9
, Hyderabad
","
by Vertex Homes Pvt. Ltd.
",15 Floor Plan,"
2 BHK
Flat



","
Under Construction
","
900 sqft
(Carpet Area)
"
278,"
Sri Hemadurga Sivhills
",88.4 Lac Onwards,"

","
in Gachibowli
, Hyderabad
","
by BRC Infra Pvt. Ltd.
",17 Floor Plan,"
2 BHK
Flat



","
Under Construction
","
1230 sqft
"
279,"
Trendset Jayabheri Elevate
",4 Cr Onwards,,"
in Kondapur
, Hyderabad
","
by Trendset Builders
",,"
4 BHK
Flat



","
Under Construction
","
4015 sqft
"
280,"
VIVA City
",98.3 Lac - 1.92 Cr,,"
in Kondapur
, Hyderabad
","
by Indis
",4 Floor Plan,"
2 BHK
Flat



","
Possession in 2023
","
1103 - 1475 sqft
(Carpet Area)
"
281,"
Chitrapuri Colony
",23.5 Lac - 24 Lac,,"
in Manikonda, Outer Ring Road
, Hyderabad
",,,"
1 BHK
Flat



","
Ready To Move
","
349 - 465 sqft
(Carpet Area)
"
282,"
My Home Avatar
",1.20 Cr - 1.23 Cr,,"
in Narsingi, Outer Ring Road
, Hyderabad
","
by My Home Group
",,"
2 BHK
Flat



","
Ready To Move
","
1050 sqft
(Carpet Area)
"
283,"
My Home Vihanga
",1.07 Cr - 1.47 Cr,,"
in Gachibowli
, Hyderabad
","
by My Home Constructions Pvt. Ltd.
",20 Floor Plan,"
2 BHK
Flat



","
Ready To Move
","
1275 sqft
"
284,"
EEco Valley
",55 Lac Onwards,"

","
in Chandanagar, NH 9
, Hyderabad
","
by Srija Builders & Developers
",17 Floor Plan,"
2 BHK
Flat



","
Ready To Move
","
990 sqft
(Carpet Area)
"
285,"
Jewel Gardens
",57 Lac - 1 Cr,,"
in Miyapur, NH 9
, Hyderabad
","
by Gemini Constructions
",7 Floor Plan,"
2 BHK
Flat



","
Ready To Move
","
700 sqft
(Carpet Area)
"
286,"
Adityas Silicon Heights
",87 Lac Onwards,,"
in Tellapur, Outer Ring Road
, Hyderabad
","
by Aditya Construction Company India Pvt. Ltd.
",12 Floor Plan,"
3 BHK
Flat



","
Under Construction
","
1550 sqft
"
287,"
Esmeralda Fortune
",14 Cr Onwards,,"
in Kondapur
, Hyderabad
","
by Sri Sreenivasa Constructions
",25 Floor Plan,"
4 BHK
Villa



","
Ready To Move
","
6110 sqft
"
288,"
Janapriya Nile Valley
",50 Lac - 65 Lac,,"
in Miyapur, NH 9
, Hyderabad
","
by Panchajanya Constructions Pvt. Ltd.
",15 Floor Plan,"
2 BHK
Flat



","
Ready To Move
","
1000 - 1010 sqft
(Carpet Area)
"
289,"
Manjeera Diamond Towers
",90 Lac Onwards,"

","
in Gachibowli
, Hyderabad
","
by Manjeera Construction
",49 Floor Plan,"
3 BHK
Flat



","
Ready To Move
","
1300 sqft
(Carpet Area)
"
290,"
Rajiv Swagruha
",37 Lac Onwards,,"
in Chandanagar, NH 9
, Hyderabad
","
by AP Rajivswagruha Corporation Ltd.
",6 Floor Plan,"
2 BHK
Flat



","
Ready To Move
","
696 sqft
(Carpet Area)
"
291,"
Skypx Gardens
",60 Lac Onwards,,"
in Chandanagar, NH 9
, Hyderabad
","
by SKYPX Builders Pvt. Ltd.
",10 Floor Plan,"
2 BHK
Flat



","
Ready To Move
","
1071 sqft
"
292,"
Nayans Nature Springs
",72.5 Lac - 97 Lac,,"
in Kukatpally, NH 9
, Hyderabad
","
by Nayan Constructions
",11 Floor Plan,"
2 BHK
Flat



","
Possession in 2023
","
965 sqft
(Carpet Area)
"
293,"
Creative Meadows
",76.9 Lac - 79 Lac,,"
in Gachibowli
, Hyderabad
",,,"
2 BHK
Flat



","
Under Construction
","
1200 sqft
(Carpet Area)
"
294,"
Canny IRIS
",89 Lac - 92 Lac,,"
in Kondapur
, Hyderabad
","
by Canny Life Spaces Pvt Ltd
",2 Floor Plan,"
3 BHK
Flat



","
Under Construction
","
1475 sqft
"
295,"
Prasiddh Nivas
",1.06 Cr Onwards,,"
in Kondapur
, Hyderabad
",,,"
3 BHK
Flat



","
Possession in 2024
","
1500 sqft
(Carpet Area)
"
296,"
Bhavyas Tulasi Vanam
",78 Lac - 1.26 Cr,,"
in Kukatpally, NH 9
, Hyderabad
","
by Bhavya Constructions
",10 Floor Plan,"
2 BHK
Flat



","
Ready To Move
","
700 - 1035 sqft
(Carpet Area)
"
297,"
Lansum Eden Gardens
",1.21 Cr - 1.75 Cr,,"
in Kondapur
, Hyderabad
","
by Lansum Properties LLP
",8 Floor Plan,"
3 BHK
Flat



","
Possession in 2022
","
1324 - 2160 sqft
(Carpet Area)
"
298,"
DSR The First
",8.50 Cr - 9.50 Cr,,"
in Gachibowli
, Hyderabad
",,,"
4 BHK
Flat



","
Possession in 2023
","
5000 - 5500 sqft
(Carpet Area)
"
299,"
Aarambh Township
",20.5 Lac - 36 Lac,,"
in Chandanagar, NH 9
, Hyderabad
","
by AP Rajivswagruha Corporation Ltd.
",4 Floor Plan,"
1 BHK
Flat



","
Ready To Move
","
425 sqft
(Carpet Area)
"
300,"
Niharika Interlake
",1.80 Cr - 1.95 Cr,,"
in Manikonda, Outer Ring Road
, Hyderabad
","
by Niharika Projects
",,"
3 BHK
Flat



","
Under Construction
","
1700 - 2000 sqft
(Carpet Area)
"
301,"
Poulomi 90
",2.05 Cr - 2.25 Cr,,"
in Kokapet, Outer Ring Road
, Hyderabad
","
by Poulomi Estates Pvt. Ltd.
",,"
3 BHK
Flat



","
Under Construction
","
2100 - 2300 sqft
(Carpet Area)
"
302,"
PVR Urban Life
",2.80 Cr - 3.22 Cr,,"
in Mokila
, Hyderabad
","
by PVR Developers
",4 Floor Plan,"
4 BHK
Villa



","
Under Construction
","
3755 sqft
(Carpet Area)
"
303,"
Lake Front
",2.57 Cr - 3.25 Cr,,"
in Gandipet
, Hyderabad
","
by NN Infra and Constructions
",2 Floor Plan,"
3 BHK
Villa



","
Possession in 2022
","
3560 sqft
(Carpet Area)
"
304,"
Ira Miracle
",79.4 Lac - 89 Lac,,"
in Kollur, Outer Ring Road
, Hyderabad
","
by IRA Realty
",4 Floor Plan,"
3 BHK
Flat



","
Possession in 2023
","
1241 - 1590 sqft
(Carpet Area)
"
305,"
Prestige Tranquil
",97.3 Lac - 1.75 Cr,,"
in Kokapet, Outer Ring Road
, Hyderabad
","
by Prestige Group
",5 Floor Plan,"
3 BHK
Flat



","
Possession in 2024
","
894 - 2048 sqft
(Carpet Area)
"
306,"
Golden Homes Sathya Devaki Residency
",64 Lac - 75 Lac,,"
in LB Nagar, NH 9
, Hyderabad
","
by Golden Homes
",,"
2 BHK
Flat



","
Possession in 2022
","
1030 sqft
(Carpet Area)
"
307,"
Emerald Heights
",81.4 Lac Onwards,,"
in Bachupally
, Hyderabad
","
by Syamantaka Infra
",5 Floor Plan,"
3 BHK
Flat



","
Possession in 2022
","
1040 sqft
(Carpet Area)
"
308,"
Vasavi Sri Nilayam
",85 Lac Onwards,,"
in LB Nagar, NH 9
, Hyderabad
","
by Vasavi Group
",4 Floor Plan,"
2 BHK
Flat



","
Under Construction
","
1000 sqft
(Carpet Area)
"
309,"
Jaswitha Luxor
",1.09 Cr - 1.30 Cr,,"
in Kokapet, Outer Ring Road
, Hyderabad
","
by Jaswitha Constructions
",8 Floor Plan,"
3 BHK
Flat



","
Under Construction
","
1525 - 1980 sqft
(Carpet Area)
"
310,"
My Home Krishe
",1.16 Cr - 2.65 Cr,,"
in Nanakram Guda
, Hyderabad
","
by My Home Group
",,"
2 BHK
Flat



","
Possession in 2024
","
917 sqft
(Carpet Area)
"
311,"
SSD Ananda Nilayam
",68 Lac Onwards,,"
in Narsingi, Outer Ring Road
, Hyderabad
","
by Sree Surya Developers
",4 Floor Plan,"
2 BHK
Flat



","
Under Construction
","
1094 sqft
"
312,"
Emerald Greens
",1.06 Cr - 1.42 Cr,,"
in Kompally
, Hyderabad
","
by Srinivasa Constructions
",9 Floor Plan,"
3 BHK
Flat



","
Possession in 2023
","
2360 - 3026 sqft
(Carpet Area)
"
313,"
Raheja Vistas
",73 Lac Onwards,,"
in Nacharam
, Hyderabad
","
by K Raheja Corp
",31 Floor Plan,"
3 BHK
Flat



","
Under Construction
","
1355 sqft
"
314,"
Sky High
",4.40 Cr - 4.50 Cr,,"
in Film Nagar
, Hyderabad
","
by Harshal Developers
",,"
4 BHK
Flat



","
Possession in 2023
","
3500 - 3600 sqft
(Carpet Area)
"
315,"
Park Ville
",83 Lac - 1.25 Cr,,"
in Tellapur, Outer Ring Road
, Hyderabad
","
by Madhu Infrastructure Pvt. Ltd.
",8 Floor Plan,"
2 BHK
Flat



","
Possession in 2023
","
950 sqft
(Carpet Area)
"
316,"
Gem Estrella Kuber
",3.50 Cr - 3.60 Cr,,"
in Kollur, Outer Ring Road
, Hyderabad
","
by Gem Vivendas
",,"
4 BHK
Villa



","
Under Construction
","
3500 sqft
(Carpet Area)
"
317,"
Alpine Square
",60.8 Lac Onwards,,"
in Patancheru
, Hyderabad
",,,"
3 BHK
Flat



","
Possession in 2026
","
1225 sqft
(Carpet Area)
"
318,"
GSR Luxury Villas
",99 Lac - 2.10 Cr,,"
in Kollur, Outer Ring Road
, Hyderabad
","
by GSR Infra Group
",,"
3 BHK
Villa



","
Possession in 2024
","
300 - 1800 sqft
(Carpet Area)
"
319,"
Alpine Vistas
",1.10 Cr - 1.30 Cr,,"
in Patancheru
, Hyderabad
",,,"
3 BHK
Villa



","
Possession in 2022
","
1950 - 2008 sqft
(Carpet Area)
"
320,"
The Classe
",2.49 Cr - 2.99 Cr,,"
in Kokapet, Outer Ring Road
, Hyderabad
",,,"
4 BHK
Flat



","
Possession in 2025
","
3333 sqft
"
321,"
Civitas
",73.5 Lac Onwards,,"
in Sanath Nagar, NH 9
, Hyderabad
","
by Saanvee Group
",7 Floor Plan,"
2 BHK
Flat



","
Possession in 2023
","
1167 sqft
(Carpet Area)
"
322,"
Nebula Aavaas
",27 Lac - 55.4 Lac,,"
in Miyapur, NH 9
, Hyderabad
",,,"
1 BHK
Flat



","
Ready To Move
","
607 sqft
"
323,"
Tripura Galaxy
",65 Lac - 65.5 Lac,,"
in Tellapur, Outer Ring Road
, Hyderabad
","
by Tripura Constructions
",,"
2 BHK
Flat



","
Under Construction
","
968 sqft
(Carpet Area)
"
324,"
Swagath Merry
",69.6 Lac - 70.8 Lac,,"
in Gopanapalli
, Hyderabad
",,,"
3 BHK
Flat



","
Possession in 2025
","
1090 - 1140 sqft
(Carpet Area)
"
325,"
Aparna Cyberscape
",92 Lac Onwards,,"
in Nallagandla, Serilingampally
, Hyderabad
","
by Aparna Constructions and Estates Pvt. Ltd.
",6 Floor Plan,"
2 BHK
Flat



","
Possession in 2023
","
1335 sqft
(Carpet Area)
"
326,"
Surabhis Signature Villas
",2 Cr - 2.10 Cr,,"
in Tellapur, Outer Ring Road
, Hyderabad
","
by Surabhi Estates Pvt Ltd
",2 Floor Plan,"
3 BHK
Villa



","
Under Construction
","
1600 sqft
(Carpet Area)
"
327,"
Gar Amali
",3.89 Cr - 4.19 Cr,,"
in Banjara Hills, NH 9
, Hyderabad
","
by GAR Corps
",5 Floor Plan,"
4 BHK
Flat



","
Under Construction
","
3545 - 3813 sqft
"
328,"
Total Environment The Meadow Dance Phase II
",3.90 Cr Onwards,,"
in Rajendra Nagar, Outer Ring Road
, Hyderabad
","
by Total Environment
",,"
3 BHK
Villa



","
Possession in 2025
","
3243 sqft
"
329,"
Mayura
",65.6 Lac - 94.9 Lac,,"
in Bachupally
, Hyderabad
","
by Fortune Green Homes
",6 Floor Plan,"
2 BHK
Flat



","
Possession in 2022
","
895 - 1210 sqft
(Carpet Area)
"
330,"
Reliance Paradise
",58 Lac - 77 Lac,"

","
in Kondapur
, Hyderabad
","
by Reliance Builders
",17 Floor Plan,"
2 BHK
Flat



","
Ready To Move
","
900 - 919 sqft
(Carpet Area)
"
331,"
Manbhum Home Tree
",65.1 Lac - 68.7 Lac,,"
in Kompally
, Hyderabad
","
by Manbhum Construction Co. Pvt. Ltd.
",9 Floor Plan,"
2 BHK
Flat



","
Possession in 2023
","
943 - 1080 sqft
(Carpet Area)
"
332,"
Rr Village Pointe
",94.3 Lac - 98.7 Lac,,"
in Alkapur Township, Manikonda, Outer Ring Road
, Hyderabad
","
by RR Builders
",,"
3 BHK
Flat



","
Under Construction
","
1500 sqft
(Carpet Area)
"
333,"
Lodha Meridian
",1.05 Cr - 1.90 Cr,"

","
in Kukatpally Housing Board Colony, NH 9
, Hyderabad
","
by Lodha Group
",12 Floor Plan,"
2 BHK
Flat



","
Ready To Move
","
1276 - 1476 sqft
(Carpet Area)
"
334,"
Frontline Seven
",87.3 Lac - 1.52 Cr,,"
in Gandipet
, Hyderabad
","
by Frontline Builder And Developers
",,"
2 BHK
Flat



","
Possession in 2024
","
839 sqft
(Carpet Area)
"
335,"
Ramky One Harmony
",63.8 Lac - 1.03 Cr,,"
in Pragathi Nagar, Kukatpally
, Hyderabad
","
by Ramky Srisairam Properties Private Limited
",13 Floor Plan,"
2 BHK
Flat



","
Possession in 2024
","
700 - 950 sqft
(Carpet Area)
"
336,"
Gem Nakshathra
",78.7 Lac - 1.12 Cr,,"
in Kokapet, Outer Ring Road
, Hyderabad
","
by Gem Vivendas
",5 Floor Plan,"
2 BHK
Flat



","
Possession in 2022
","
1050 sqft
(Carpet Area)
"
337,"
JNS INFRA Hill View
",1.07 Cr - 1.10 Cr,,"
in Mallampet, Outer Ring Road
, Hyderabad
",,,"
3 BHK
Villa



","
Under Construction
","
1850 sqft
(Carpet Area)
"
338,"
Sanvis Kowsalya Manidweepam
",65 Lac - 70.4 Lac,,"
in Bachupally
, Hyderabad
","
by Sanvi Infra Projects Pvt. Ltd.
",,"
2 BHK
Flat



","
Possession in 2023
","
957 - 995 sqft
(Carpet Area)
"
339,"
Suja Elysian
",68 Lac - 73 Lac,,"
in Pragathi Nagar, Kukatpally
, Hyderabad
","
by Svadha Builders
",9 Floor Plan,"
2 BHK
Flat



","
Possession in 2022
","
10764 sqft
(Carpet Area)
"
340,"
KT Residency
",71.9 Lac Onwards,,"
in Peeramcheru
, Hyderabad
",,,"
2 BHK
Flat



","
Possession in 2024
","
1382 sqft
(Carpet Area)
"
341,"
Modi Splendour
",90 Lac Onwards,"

","
in Kukatpally, NH 9
, Hyderabad
","
by Modi Builders
",18 Floor Plan,"
2 BHK
Flat



","
Ready To Move
","
966 sqft
"
342,"
Jahanavis My Homes
",90 Lac Onwards,,"
in Manikonda, Outer Ring Road
, Hyderabad
","
by Civil Seva
",2 Floor Plan,"
3 BHK
Flat



","
Under Construction
","
1595 sqft
"
343,"
Qualitas Nestilo
",,,"
in Tellapur, Outer Ring Road
, Hyderabad
",,,"
3 BHK
Flat



","
Possession in 2024
","
1580 sqft
"
344,"
Aparna CyberZon
",92 Lac - 95 Lac,"

","
in Nallagandla, Serilingampally
, Hyderabad
","
by Aparna Constructions and Estates Pvt. Ltd.
",11 Floor Plan,"
2 BHK
Flat



","
Ready To Move
","
1245 sqft
(Carpet Area)
"
345,"
Aparna Sarovar
",1.01 Cr - 1.30 Cr,,"
in Nallagandla, Serilingampally
, Hyderabad
","
by Aparna Constructions and Estates Pvt. Ltd.
",2 Floor Plan,"
3 BHK
Flat



","
Ready To Move
","
1490 - 1800 sqft
(Carpet Area)
"
346,"
Aalaya Aspire
",61.4 Lac Onwards,,"
in Bachupally
, Hyderabad
","
by Aalaya Constructions
",,"
2 BHK
Flat



","
Under Construction
","
960 sqft
(Carpet Area)
"
347,"
Ramky One Galaxia Phase 2
",84.1 Lac - 84.1 Lac,,"
in Nallagandla, Serilingampally
, Hyderabad
","
by Ramky Estates & Farms Limited
",4 Floor Plan,"
2 BHK
Flat



","
Possession in 2022
","
920 sqft
(Carpet Area)
"
348,"
Harsha Sky High
",3.87 Cr Onwards,,"
in Shaikpet
, Hyderabad
","
by PRS Build India Pvt Ltd
",,"
4 BHK
Flat



","
Possession in 2023
","
3870 sqft
"
349,"
Ozone Heights Osman Nagar
",1.42 Cr Onwards,,"
in Osman Nagar
, Hyderabad
","
by Ananda Homes
",,"
3 BHK
Flat



","
Under Construction
","
2828 sqft
"
350,"
The Perch
",2.72 Cr - 3.15 Cr,,"
in Tellapur, Outer Ring Road
, Hyderabad
",,,"
3 BHK
Villa



","
Under Construction
","
2692 sqft
"
351,"
Jubilee Hills Complex
",4.90 Cr - 4.99 Cr,,"
in Jubilee Hills
, Hyderabad
","
by Sahiti Constructions
",,"
4 BHK
Flat



","
Under Construction
","
3500 - 3650 sqft
(Carpet Area)
"
352,"
Samruddi
",1.50 Cr Onwards,,"
in Padmarao Nagar, Hyderabad-Karimnagar Highway
, Hyderabad
","
by Vijetha Dhanalaxmi Projects
",4 Floor Plan,"
3 BHK
Flat



","
Possession in 2022
","
1380 sqft
(Carpet Area)
"
353,"
Nature City
",1.60 Cr Onwards,,"
in Bowrampet, Outer Ring Road
, Hyderabad
","
by Vajra Builders And Developers
",1 Floor Plan,"
4 BHK
Villa



","
Possession in 2022
","
2295 sqft
"
354,"
Eenadu Homes
",60 Lac - 1.10 Cr,,"
in Kukatpally, NH 9
, Hyderabad
","
by Nagarjuna Construction Company
",,"
2 BHK
Flat



","
Ready To Move
","
1025 sqft
"
355,"
Uber Heights Project
",98 Lac Onwards,,"
in Kondapur
, Hyderabad
","
by Celebrity Prime Developers
",15 Floor Plan,"
3 BHK
Flat



","
Ongoing
","
1248 sqft
"
356,"
Aditya Sunshine
",2.05 Cr - 4.50 Cr,"

","
in Hitech City
, Hyderabad
","
by Sri Aditya Homes Pvt. Ltd.
",12 Floor Plan,"
3 BHK
Flat



","
Ready To Move
","
2240 sqft
(Carpet Area)
"
357,"
Muppas Aishwarya Condos
",26 Lac - 85 Lac,,"
in Narsingi, Outer Ring Road
, Hyderabad
","
by Muppa Homes Pvt. Ltd.
",17 Floor Plan,"
2 BHK
Flat



","
Ready To Move
","
800 - 1160 sqft
(Carpet Area)
"
358,"
Armsburg My Space
",42 Lac - 85 Lac,"

","
in Kompally
, Hyderabad
","
by Armsburg Properties
",25 Floor Plan,"
2 BHK
Flat



","
Ready To Move
","
900 - 1285 sqft
(Carpet Area)
"
359,"
SMR Vinay City
",75 Lac Onwards,,"
in Miyapur, NH 9
, Hyderabad
","
by SMR Holdings
",10 Floor Plan,"
2 BHK
Flat



","
Ready To Move
","
1225 sqft
"
360,"
Aparna HillPark Lake Breeze
",1.30 Cr - 1.35 Cr,"

","
in Chandanagar, NH 9
, Hyderabad
","
by Aparna Constructions and Estates Pvt. Ltd.
",19 Floor Plan,"
3 BHK
Flat



","
Ready To Move
","
1695 - 1825 sqft
"
361,"
Saket Pranaam
",40 Lac Onwards,,"
in Saket, Secunderabad
, Hyderabad
","
by Saket Developers
",10 Floor Plan,"
2 BHK
Flat



","
Ready To Move
","
1156 sqft
"
362,"
Siri Balaji Towers
",55 Lac - 70 Lac,,"
in Nizampet
, Hyderabad
","
by Siri balaji constructions
",4 Floor Plan,"
2 BHK
Flat



","
Ready To Move
","
1061 - 1210 sqft
(Carpet Area)
"
363,"
ARK Towers
",65 Lac - 85 Lac,,"
in Miyapur, NH 9
, Hyderabad
","
by ARK Group
",42 Floor Plan,"
2 BHK
Flat



","
Ready To Move
","
945 sqft
(Carpet Area)
"
364,"
RV Manyatha
",70 Lac Onwards,,"
in Chandanagar, NH 9
, Hyderabad
","
by R V Nirmaan Pvt. Ltd.
",25 Floor Plan,"
2 BHK
Flat



","
Ready To Move
","
1255 sqft
"
365,"
Janapriya Arcadia
",25 Lac - 38 Lac,,"
in Alwal
, Hyderabad
","
by Janapriya Engineers Syndicate
",23 Floor Plan,"
2 BHK
Flat



","
Ready To Move
","
925 - 1200 sqft
"
366,"
Janapriya Utopia 1
",40 Lac Onwards,,"
in Attapur
, Hyderabad
","
by Janapriya Engineers Syndicate
",,"
2 BHK
Flat



","
Ready To Move
","
940 sqft
"
367,"
Vasathi Navya
",45 Lac - 60 Lac,,"
in Chintal, NH 7
, Hyderabad
","
by Vasathi Housing
",16 Floor Plan,"
2 BHK
Flat



","
Ready To Move
","
785 - 990 sqft
(Carpet Area)
"
368,"
Happy Home Fortuna
",60 Lac Onwards,,"
in Attapur
, Hyderabad
","
by Happy Home Housing
",19 Floor Plan,"
2 BHK
Flat



","
Ready To Move
","
1374 sqft
"
369,"
RV Avaneendra
",80 Lac - 1.05 Cr,,"
in Miyapur, NH 9
, Hyderabad
","
by R V Nirmaan Pvt. Ltd.
",65 Floor Plan,"
3 BHK
Flat



","
Ready To Move
","
1360 sqft
(Carpet Area)
"
370,"
Hemadurga Towers
",95 Lac Onwards,,"
in Miyapur, NH 9
, Hyderabad
","
by BRC Infra Pvt. Ltd.
",9 Floor Plan,"
3 BHK
Flat



","
Ready To Move
","
1645 sqft
(Carpet Area)
"
371,"
My Homes Navadweepa
",1.25 Cr - 1.97 Cr,"

","
in Hitech City
, Hyderabad
","
by My Home Constructions Pvt. Ltd
",6 Floor Plan,"
2 BHK
Flat



","
Ready To Move
","
1200 sqft
(Carpet Area)
"
372,"
Modi Gulmohar Gardens Phase 1
",35 Lac - 50 Lac,,"
in Mallapur
, Hyderabad
","
by Modi Properties
",10 Floor Plan,"
2 BHK
Flat



","
Ready To Move
","
750 - 975 sqft
"
373,"
Sri Tirumala Harmony
",45 Lac Onwards,,"
in Dr A.S. Rao Nagar
, Hyderabad
","
by EAPL Group
",20 Floor Plan,"
2 BHK
Flat



","
Ready To Move
","
999 sqft
"
374,"
Yashoda Sannidhi
",78 Lac Onwards,"

","
in Miyapur, NH 9
, Hyderabad
","
by Yashoda Builders & Developers
",9 Floor Plan,"
3 BHK
Flat



","
Ready To Move
","
1200 sqft
(Carpet Area)
"
375,"
West Metro Lake Front Apartments
",90 Lac - 100 Lac,,"
in Chandanagar, NH 9
, Hyderabad
","
by Shriya Infrastructure India Pvt. Ltd.
",10 Floor Plan,"
3 BHK
Flat



","
Ready To Move
","
1760 sqft
(Carpet Area)
"
376,"
Concrete Melody
",1 Cr Onwards,,"
in Chandanagar, NH 9
, Hyderabad
","
by Concrete Constructions
",11 Floor Plan,"
3 BHK
Flat



","
Ready To Move
","
1630 sqft
"
377,"
Neelima Greens
",1.90 Cr Onwards,,"
in Miyapur, NH 9
, Hyderabad
","
by Raghavendra Neelima Constructions
",,"
3 BHK
Villa



","
Ready To Move
","
1900 sqft
"
378,"
Vasathi Anandi
",48 Lac - 60 Lac,"

","
in Appa junction
, Hyderabad
","
by Vasathi Housing Ltd.
",14 Floor Plan,"
2 BHK
Flat



","
Ready To Move
","
862 - 1085 sqft
(Carpet Area)
"
379,"
Modi Paramount Avenue
",46 Lac Onwards,,"
in Nagaram
, Hyderabad
","
by Modi Builders
",,"
2 BHK
Flat



","
Ready To Move
","
900 sqft
(Carpet Area)
"
380,"
Srinivas Heights
",60 Lac Onwards,,"
in Uppal, NH 2 2
, Hyderabad
","
by SH Group
",,"
3 BHK
Flat



","
Ready To Move
","
1560 sqft
"
381,"
East Oak Luxury Apartments
",60 Lac Onwards,,"
in Pocharam, NH 2 2
, Hyderabad
","
by Sai Sandeep Infra Projects
",4 Floor Plan,"
2 BHK
Flat



","
Ready To Move
","
1205 sqft
"
382,"
HSR Amrut Akash
",60 Lac Onwards,"

","
in LB Nagar, NH 9
, Hyderabad
","
by HSR Ventures Pvt. Ltd.
",10 Floor Plan,"
2 BHK
Flat



","
Ready To Move
","
1000 sqft
(Carpet Area)
"
383,"
Mahadev Towers
",90 Lac Onwards,,"
in Attapur
, Hyderabad
","
by Rami Reddy Constructions
",15 Floor Plan,"
3 BHK
Flat



","
Ongoing
","
1500 sqft
"
384,"
Gem Ascentia
",1.30 Cr Onwards,,"
in Hitech City
, Hyderabad
","
by Gem Vivendas
",12 Floor Plan,"
3 BHK
Flat



","
Ready To Move
","
1585 sqft
"
385,"
Central Park
",58.9 Lac - 69.1 Lac,,"
in Gajularamaram
, Hyderabad
","
by S.R Developers
",,"
2 BHK
Flat



","
Ready To Move
","
940 sqft
(Carpet Area)
"
386,"
Vallabha Residency
",54.1 Lac Onwards,,"
in Gajularamaram
, Hyderabad
","
by Kiran Projects
",8 Floor Plan,"
2 BHK
Flat



","
Ready To Move
","
825 sqft
(Carpet Area)
"
387,"
Aparna Hill park Silver oaks
",1.23 Cr Onwards,,"
in Chandanagar, NH 9
, Hyderabad
","
by Aparna Constructions and Estates Pvt. Ltd.
",,"
3 BHK
Flat



","
Ready To Move
","
1665 sqft
(Carpet Area)
"
388,"
NCL Godavari
",48.5 Lac Onwards,,"
in Kompally
, Hyderabad
","
by NCL Homes Ltd.
",,"
2 BHK
Flat



","
Ready To Move
","
1000 sqft
(Carpet Area)
"
389,"
Brs Subha Nilayam
",55 Lac Onwards,,"
in Gajularamaram
, Hyderabad
","
by Incredible Life Spaces
",3 Floor Plan,"
2 BHK
Flat



","
Ready To Move
","
400 sqft
(Carpet Area)
"
390,"
The Square
",73.5 Lac - 75 Lac,,"
in Miyapur, NH 9
, Hyderabad
","
by Elite Developers
",11 Floor Plan,"
2 BHK
Flat



","
Ready To Move
","
1245 sqft
"
391,"
Sanskruti Singapore Township
",41 Lac - 55 Lac,,"
in Ghatkesar, NH 2 2
, Hyderabad
","
by Sanskaar Builders & Developers
",,"
2 BHK
Flat



","
Ready To Move
","
1000 - 1136 sqft
(Carpet Area)
"
392,"
Modi Emerald Heights
",26 Lac - 60 Lac,,"
in Pocharam, NH 2 2
, Hyderabad
","
by Modi Builders
",3 Floor Plan,"
2 BHK
Flat



","
Ready To Move
","
746 - 900 sqft
(Carpet Area)
"
393,"
Meghadri Heights
",55 Lac Onwards,,"
in Yapral
, Hyderabad
",,,"
3 BHK
Flat



","
Ready To Move
","
1660 sqft
(Carpet Area)
"
394,"
Babukhan Solitaire
",99.4 Lac - 1.06 Cr,,"
in Gachibowli
, Hyderabad
","
by Babukhan Properties
",28 Floor Plan,"
2 BHK
Flat



","
Ready To Move
","
1325 - 1342 sqft
"
395,"
Luxor Apartments
",73.5 Lac - 1.20 Cr,"

","
in Kondapur
, Hyderabad
","
by Trishala Infrastructure Pvt. Ltd.
",24 Floor Plan,"
2 BHK
Flat



","
Ready To Move
","
780 sqft
(Carpet Area)
"
396,"
Ramky Towers
",2 Cr - 2.15 Cr,"

","
in Gachibowli
, Hyderabad
","
by Ramky Estates & Farms Limited
",18 Floor Plan,"
3 BHK
Flat



","
Ready To Move
","
2400 sqft
(Carpet Area)
"
397,"
Vrushabadri Residency
",56 Lac - 57 Lac,,"
in Aminpur
, Hyderabad
",,,"
2 BHK
Flat



","
Ready To Move
","
1064 sqft
(Carpet Area)
"
398,"
Trendset Winz
",2.15 Cr - 2.66 Cr,,"
in Gachibowli
, Hyderabad
","
by Trendset Builders
",12 Floor Plan,"
3 BHK
Flat



","
Ready To Move
","
2525 sqft
(Carpet Area)
"
399,"
Trident Towers
",3.50 Cr - 4 Cr,,"
in Gachibowli
, Hyderabad
","
by Meenakshi Group
",15 Floor Plan,"
3 BHK
Flat



","
Ready To Move
","
3050 sqft
(Carpet Area)
"
400,"
Shanthi Gardens
",,,"
in Nacharam
, Hyderabad
","
by Mukhi Constructions
",,"
3 BHK
Flat



","
Ready To Move
","
1300 sqft
(Carpet Area)
"
401,"
SSK Platinums
",26.5 Lac - 27 Lac,,"
in Bachupally
, Hyderabad
","
by SSK Infra
",,"
1 BHK
Flat



","
Ready To Move
","
650 sqft
(Carpet Area)
"
402,"
Trendset Rythme
",1.05 Cr - 1.72 Cr,,"
in Kondapur
, Hyderabad
","
by Trendset Builders
",10 Floor Plan,"
2 BHK
Flat



","
Ready To Move
","
912 sqft
(Carpet Area)
"
403,"
SMR Vinay Symphony
",1.12 Cr - 1.42 Cr,"

","
in Gachibowli
, Hyderabad
","
by SMR Holdings
",14 Floor Plan,"
3 BHK
Flat



","
Ready To Move
","
1690 - 2015 sqft
"
404,"
Golf Edge
",1.16 Cr - 2.79 Cr,"

","
in Gachibowli
, Hyderabad
","
by Phoenix Group Holdings
",30 Floor Plan,"
2 BHK
Flat



","
Ready To Move
","
1428 sqft
"
405,"
Mantri Celestia
",72 Lac - 98 Lac,"

","
in Gachibowli
, Hyderabad
","
by Mantri Developers Pvt. Ltd.
",14 Floor Plan,"
2 BHK
Flat



","
Ready To Move
","
680 sqft
(Carpet Area)
"
406,"
Modi Paramount Avenue
",26 Lac Onwards,,"
in Nagaram
, Hyderabad
","
by Modi Properties
",,"
1 BHK
Flat



","
Ready To Move
","
540 sqft
"
407,"
Urban Lake Front
",27 Lac Onwards,,"
in Neknampur, Manikonda, Outer Ring Road
, Hyderabad
",,,"
Studio Apartment



","
Ready To Move
","
380 sqft
(Carpet Area)
"
408,"
Shriya Serenity
",80 Lac - 1.05 Cr,,"
in Gachibowli
, Hyderabad
","
by Shriya Constructions
",18 Floor Plan,"
2 BHK
Flat



","
Ready To Move
","
1165 - 1265 sqft
"
409,"
Vajras Sree Nivasam
",90 Lac - 1.28 Cr,,"
in Kondapur
, Hyderabad
","
by Vajra Group
",25 Floor Plan,"
2 BHK
Flat



","
Ready To Move
","
1205 sqft
"
410,"
Manjeera Majestic Homes
",90 Lac - 1.05 Cr,"

","
in Kukatpally, NH 9
, Hyderabad
","
by Manjeera Construction
",18 Floor Plan,"
2 BHK
Flat



","
Ready To Move
","
1058 sqft
(Carpet Area)
"
411,"
Tulip Le Park
",1.10 Cr Onwards,,"
in Kondapur
, Hyderabad
","
by Namishree Infrastructure and Projects Pvt. Ltd.
",8 Floor Plan,"
3 BHK
Flat



","
Ready To Move
","
1533 sqft
"
412,"
Fortune Towers
",2.60 Cr Onwards,,"
in Gachibowli
, Hyderabad
","
by Sri Sreenivasa Constructions
",,"
3 BHK
Flat



","
Ready To Move
","
2640 sqft
"
413,"
Cyber Meadows
",4.80 Cr Onwards,,"
in Kondapur
, Hyderabad
","
by Kanishka Builders
",6 Floor Plan,"
4 BHK
Villa



","
Ready To Move
","
4000 sqft
"
414,"
Happy Homes Plaza
",31.1 Lac Onwards,,"
in Attapur
, Hyderabad
","
by Happy Home Housing
",,"
2 BHK
Flat



","
Ready To Move
","
700 sqft
(Carpet Area)
"
415,"
Icon Towers
",55 Lac - 56 Lac,,"
in Shilpa Nagar, Secunderabad
, Hyderabad
",,,"
2 BHK
Flat



","
Ready To Move
","
950 sqft
(Carpet Area)
"
416,"
Footprints
",85 Lac - 86 Lac,,"
in Gachibowli
, Hyderabad
","
by Alekhya Homes
",14 Floor Plan,"
2 BHK
Flat



","
Ready To Move
","
1160 sqft
(Carpet Area)
"
417,"
Kollur
",40 Lac - 60 Cr,,"
in Kollur, Outer Ring Road
, Hyderabad
","
by SS Infra Developers
",,"
2 BHK
Flat



","
Ready To Move
","
1250 sqft
"
418,"
Meenakshi Sky Lounge
",2.40 Cr - 4 Cr,"

","
in Kondapur
, Hyderabad
","
by Meenakshi Group
",28 Floor Plan,"
3 BHK
Flat



","
Ready To Move
","
1980 - 2010 sqft
(Carpet Area)
"
419,"
Tree Walk
",1.38 Cr - 1.85 Cr,"

","
in Kondapur
, Hyderabad
","
by SVC Ventures Pvt. Ltd.
",4 Floor Plan,"
3 BHK
Flat



","
Ready To Move
","
1825 - 1952 sqft
(Carpet Area)
"
420,"
Aditya DSR LakeSide
",1.45 Cr - 1.80 Cr,"

","
in Gachibowli
, Hyderabad
","
by DSR Group
",18 Floor Plan,"
3 BHK
Flat



","
Ready To Move
","
1785 - 2385 sqft
(Carpet Area)
"
421,"
Sterling Heights
",52 Lac Onwards,,"
in Gundlapochampally, Outer Ring Road
, Hyderabad
","
by Modi Builders
",4 Floor Plan,"
3 BHK
Flat



","
Ready To Move
","
1150 sqft
(Carpet Area)
"
422,"
Manasa Apartment
",60 Lac Onwards,,"
in Begumpet
, Hyderabad
","
by Manasa Builders and Developers
",10 Floor Plan,"
2 BHK
Flat



","
Ready To Move
","
900 sqft
(Carpet Area)
"
423,"
RV Akshobhya
",63.1 Lac Onwards,,"
in Bandlaguda Jagir
, Hyderabad
","
by R.V. Nirmaan Pvt. Ltd.
",2 Floor Plan,"
2 BHK
Flat



","
Ongoing
","
1213 sqft
"
424,"
Shubham Blooms
",75 Lac Onwards,,"
in Gachibowli
, Hyderabad
","
by Sanvi Property Developers
",17 Floor Plan,"
2 BHK
Flat



","
Ready To Move
","
1000 sqft
(Carpet Area)
"
425,"
Central Paradise
",78 Lac Onwards,,"
in Gachibowli
, Hyderabad
","
by Laqshya Infradevelopers India Pvt. Ltd.
",29 Floor Plan,"
3 BHK
Flat



","
Ready To Move
","
1097 sqft
(Carpet Area)
"
426,"
Giridhari Executive Park Phase I
",85 Lac Onwards,,"
in Gachibowli
, Hyderabad
","
by Giridhari Constructions
",4 Floor Plan,"
2 BHK
Flat



","
Ready To Move
","
1250 sqft
"
427,"
Bloomfield Elation Towers
",93 Lac Onwards,,"
in Gachibowli
, Hyderabad
","
by Vasudeva Realtors (P) Ltd.
",,"
2 BHK
Flat



","
Ready To Move
","
1320 sqft
"
428,"
Meadow Land
",1.05 Cr Onwards,,"
in Kukatpally, NH 9
, Hyderabad
","
by RCC Frame Structure
",6 Floor Plan,"
3 BHK
Flat



","
Ready To Move
","
1435 sqft
"
429,"
Vaibhavs Signature
",1.10 Cr Onwards,,"
in Gachibowli
, Hyderabad
","
by Vaibhav Infra
",6 Floor Plan,"
3 BHK
Flat



","
Ready To Move
","
1450 sqft
"
430,"
Gamuts Creative Abode
",1.20 Cr Onwards,,"
in Kondapur
, Hyderabad
","
by Gamut Infra
",14 Floor Plan,"
3 BHK
Flat



","
Ready To Move
","
1500 sqft
(Carpet Area)
"
431,"
Pranavas Lotus Park
",1.20 Cr Onwards,,"
in Kondapur
, Hyderabad
","
by Pranava Avenues Pvt. Ltd.
",32 Floor Plan,"
3 BHK
Flat



","
Ready To Move
","
2031 sqft
(Carpet Area)
"
432,"
Vaishnavi Heights
",92 Lac - 1.13 Cr,,"
in Kondapur
, Hyderabad
","
by Vaishnavi Projects
",,"
3 BHK
Flat



","
Ready To Move
","
1828 sqft
(Carpet Area)
"
433,"
Sterling Whitefield
",1.25 Cr - 1.35 Cr,,"
in Kondapur
, Hyderabad
","
by Patil Project Ltd.
",,"
3 BHK
Flat



","
Ready To Move
","
1668 - 1600 sqft
(Carpet Area)
"
434,"
AK Heights Two
",1.20 Cr - 1.30 Cr,,"
in Kondapur
, Hyderabad
","
by Akshita Infra
",4 Floor Plan,"
3 BHK
Flat



","
Ready To Move
","
1600 - 1660 sqft
(Carpet Area)
"
435,"
Aditya Green Fields
",1.35 Cr - 1.60 Cr,,"
in Kondapur
, Hyderabad
","
by Aditya Developers
",5 Floor Plan,"
3 BHK
Flat



","
Ready To Move
","
2500 sqft
"
436,"
SVC Aquaria
",3.80 Cr Onwards,,"
in Kondapur
, Hyderabad
","
by SVC Ventures Pvt. Ltd.
",2 Floor Plan,"
4 BHK
Flat



","
Ready To Move
","
4080 sqft
(Carpet Area)
"
437,"
Sri Sri Gokulam
",84 Lac Onwards,,"
in Kondapur
, Hyderabad
","
by Abhi Teja Constructions
",17 Floor Plan,"
2 BHK
Flat



","
Ready To Move
","
1370 sqft
"
438,"
Aditya Windsor
",1.85 Cr Onwards,,"
in Kondapur
, Hyderabad
","
by Aditya Construction Company India Pvt. Ltd.
",10 Floor Plan,"
4 BHK
Flat



","
Ready To Move
","
2692 sqft
(Carpet Area)
"
